,temp_c
0,14.000000000000002
1,12.0
2,13.0
3,10.999999999999998
4,12.0
5,11.11111111111111
6,8.0
7,7.000000000000001
8,7.300000000000001
9,5.999999999999998
10,8.0
11,9.000000000000002
12,13.0
13,14.000000000000002
14,15.0
15,14.000000000000002
16,12.0
17,12.0
18,10.999999999999998
19,15.0
20,13.0
21,15.0
22,13.0
23,14.000000000000002
24,10.999999999999998
25,12.0
26,11.666666666666666
27,10.0
28,10.999999999999998
29,14.300000000000002
30,9.000000000000002
31,10.0
32,12.0
33,13.0
34,10.0
35,17.0
36,17.0
37,14.000000000000002
38,10.0
39,10.0
40,13.0
41,7.000000000000001
42,8.0
43,7.000000000000001
44,8.0
45,7.000000000000001
46,12.0
47,14.000000000000002
48,15.555555555555555
49,15.0
50,14.444444444444445
51,10.999999999999998
52,14.000000000000002
53,19.0
54,19.0
55,17.0
56,18.000000000000004
57,14.000000000000002
58,18.000000000000004
59,18.000000000000004
60,15.0
61,13.0
62,15.0
63,13.0
64,12.0
65,10.0
66,7.000000000000001
67,10.999999999999998
68,7.1000000000000005
69,9.000000000000002
70,8.0
71,12.0
72,14.000000000000002
73,13.0
74,14.000000000000002
75,14.000000000000002
76,14.000000000000002
77,15.200000000000001
78,18.000000000000004
79,17.0
80,15.899999999999999
81,16.0
82,14.000000000000002
83,16.0
84,20.0
85,20.900000000000002
86,16.0
87,15.100000000000001
88,20.200000000000003
89,17.0
90,15.0
91,15.399999999999999
92,16.0
93,14.100000000000001
94,15.0
95,17.0
96,15.0
97,15.0
98,18.400000000000002
99,20.0
100,19.0
101,15.0
102,14.000000000000002
103,16.0
104,16.0
105,17.0
106,17.0
107,16.0
108,18.000000000000004
109,20.0
110,18.5
111,18.000000000000004
112,19.0
113,19.0
114,20.0
115,22.22222222222222
116,23.000000000000004
117,23.400000000000002
118,20.900000000000002
119,21.399999999999995
120,20.0
121,20.4
122,14.000000000000002
123,13.0
124,18.000000000000004
125,15.0
126,17.299999999999997
127,19.0
128,19.444444444444443
129,21.999999999999996
130,21.5
131,18.000000000000004
132,19.0
133,15.0
134,21.0
135,18.333333333333332
136,18.600000000000005
137,20.0
138,20.300000000000004
139,20.555555555555557
140,22.600000000000005
141,23.5
142,21.0
143,21.999999999999996
144,21.999999999999996
145,22.399999999999995
146,22.1
147,22.299999999999997
148,23.7
149,23.000000000000004
150,25.0
151,23.8
152,23.400000000000002
153,24.444444444444443
154,24.899999999999995
155,24.0
156,23.000000000000004
157,24.099999999999998
158,24.899999999999995
159,22.299999999999997
160,23.8
161,21.999999999999996
162,23.000000000000004
163,23.333333333333332
164,23.333333333333332
165,21.0
166,21.999999999999996
167,21.0
168,24.0
169,24.0
170,23.88888888888889
171,23.000000000000004
172,22.5
173,23.5
174,24.099999999999998
175,25.799999999999997
176,25.0
177,28.200000000000003
178,29.0
179,27.9
180,27.700000000000003
181,29.200000000000003
182,28.000000000000004
183,27.700000000000003
184,29.099999999999998
185,29.444444444444443
186,26.999999999999996
187,28.333333333333332
188,29.0
189,29.0
190,28.000000000000004
191,29.0
192,30.300000000000004
193,29.799999999999997
194,29.0
195,26.999999999999996
196,29.200000000000003
197,29.0
198,29.599999999999998
199,29.799999999999997
200,30.555555555555557
201,31.11111111111111
202,26.999999999999996
203,28.000000000000004
204,27.1
205,28.099999999999998
206,28.200000000000003
207,28.000000000000004
208,28.600000000000005
209,28.800000000000004
210,27.5
211,29.299999999999997
212,29.299999999999997
213,28.800000000000004
214,27.399999999999995
215,27.700000000000003
216,26.999999999999996
217,26.799999999999997
218,28.699999999999996
219,28.333333333333332
220,29.099999999999998
221,28.400000000000002
222,28.333333333333332
223,29.299999999999997
224,25.0
225,25.0
226,26.599999999999998
227,24.6
228,28.000000000000004
229,28.400000000000002
230,27.399999999999995
231,29.099999999999998
232,31.300000000000004
233,30.400000000000002
234,29.200000000000003
235,28.5
236,29.444444444444443
237,29.699999999999996
238,34.0
239,27.77777777777778
240,26.999999999999996
241,25.700000000000003
242,26.3
243,26.399999999999995
244,26.399999999999995
245,26.999999999999996
246,28.600000000000005
247,29.099999999999998
248,29.0
249,28.5
250,26.666666666666668
251,25.0
252,26.399999999999995
253,26.900000000000002
254,28.600000000000005
255,26.900000000000002
256,27.299999999999997
257,26.0
258,27.299999999999997
259,25.0
260,21.599999999999998
261,25.100000000000005
262,23.333333333333332
263,23.333333333333332
264,24.899999999999995
265,25.0
266,25.555555555555557
267,24.0
268,21.399999999999995
269,21.0
270,21.0
271,23.000000000000004
272,24.444444444444443
273,23.000000000000004
274,24.444444444444443
275,25.555555555555557
276,25.555555555555557
277,24.099999999999998
278,24.6
279,23.000000000000004
280,25.0
281,25.0
282,22.22222222222222
283,21.999999999999996
284,19.299999999999997
285,20.555555555555557
286,20.100000000000005
287,20.200000000000003
288,18.200000000000003
289,21.0
290,18.000000000000004
291,18.000000000000004
292,19.299999999999997
293,18.000000000000004
294,21.0
295,21.2
296,20.200000000000003
297,18.200000000000003
298,18.000000000000004
299,19.444444444444443
300,19.444444444444443
301,20.100000000000005
302,20.300000000000004
303,20.900000000000002
304,18.000000000000004
305,23.099999999999998
306,21.2
307,22.22222222222222
308,20.0
309,19.699999999999996
310,19.200000000000003
311,15.0
312,19.799999999999997
313,18.000000000000004
314,18.099999999999998
315,20.0
316,19.200000000000003
317,19.0
318,17.0
319,18.200000000000003
320,14.000000000000002
321,15.399999999999999
322,12.0
323,14.000000000000002
324,16.0
325,16.0
326,14.000000000000002
327,14.000000000000002
328,14.000000000000002
329,12.0
330,12.0
331,14.000000000000002
332,8.0
333,10.0
334,14.000000000000002
335,12.0
336,10.0
337,10.999999999999998
338,14.000000000000002
339,17.0
340,19.0
341,19.0
342,16.0
343,15.0
344,15.0
345,15.0
346,13.0
347,12.0
348,10.0
349,10.0
350,12.0
351,10.999999999999998
352,13.0
353,14.000000000000002
354,10.0
355,14.000000000000002
356,16.0
357,13.0
358,10.999999999999998
359,10.0
360,10.999999999999998
361,13.0
362,14.000000000000002
363,14.000000000000002
364,13.0
365,14.000000000000002
366,14.000000000000002
367,10.0
368,10.555555555555555
369,13.0
370,15.0
371,15.0
372,16.0
373,17.0
374,14.000000000000002
375,17.5
376,15.0
377,16.0
378,15.0
379,15.0
380,12.0
381,12.3
382,14.000000000000002
383,14.000000000000002
384,12.0
385,10.999999999999998
386,9.000000000000002
387,8.0
388,10.0
389,10.0
390,10.0
391,10.999999999999998
392,12.0
393,13.0
394,10.0
395,12.0
396,13.0
397,15.0
398,14.000000000000002
399,14.100000000000001
400,14.600000000000001
401,19.0
402,13.1
403,12.0
404,13.0
405,13.0
406,13.199999999999998
407,13.1
408,14.000000000000002
409,12.0
410,12.0
411,15.399999999999999
412,9.000000000000002
413,18.000000000000004
414,14.899999999999999
415,14.600000000000001
416,16.0
417,20.0
418,15.100000000000001
419,17.299999999999997
420,16.2
421,15.555555555555555
422,15.0
423,12.0
424,13.333333333333334
425,12.5
426,9.000000000000002
427,13.0
428,14.000000000000002
429,14.799999999999999
430,15.0
431,14.000000000000002
432,14.200000000000001
433,14.000000000000002
434,14.000000000000002
435,13.0
436,16.0
437,14.000000000000002
438,15.0
439,14.000000000000002
440,21.0
441,18.333333333333332
442,17.700000000000003
443,16.0
444,15.0
445,15.0
446,16.0
447,16.0
448,15.399999999999999
449,15.0
450,17.0
451,17.0
452,18.000000000000004
453,16.8
454,18.8
455,19.0
456,20.0
457,20.555555555555557
458,18.7
459,20.100000000000005
460,18.7
461,17.700000000000003
462,20.700000000000003
463,25.100000000000005
464,24.0
465,21.399999999999995
466,21.399999999999995
467,19.200000000000003
468,18.000000000000004
469,17.4
470,18.5
471,18.8
472,20.200000000000003
473,17.6
474,18.5
475,19.200000000000003
476,16.0
477,18.88888888888889
478,19.0
479,20.100000000000005
480,22.399999999999995
481,22.299999999999997
482,21.0
483,18.000000000000004
484,21.0
485,20.4
486,18.000000000000004
487,20.555555555555557
488,20.4
489,21.666666666666668
490,21.399999999999995
491,19.0
492,22.77777777777778
493,21.0
494,21.399999999999995
495,20.799999999999997
496,22.77777777777778
497,24.899999999999995
498,23.200000000000003
499,21.11111111111111
500,21.5
501,21.599999999999998
502,22.9
503,21.0
504,22.600000000000005
505,23.7
506,26.2
507,28.000000000000004
508,29.299999999999997
509,26.3
510,26.399999999999995
511,22.9
512,22.600000000000005
513,24.299999999999997
514,24.299999999999997
515,22.22222222222222
516,22.700000000000003
517,18.88888888888889
518,20.200000000000003
519,21.999999999999996
520,21.3
521,23.099999999999998
522,24.299999999999997
523,19.699999999999996
524,22.22222222222222
525,19.444444444444443
526,22.600000000000005
527,24.299999999999997
528,24.699999999999996
529,27.700000000000003
530,26.900000000000002
531,26.3
532,25.300000000000004
533,25.555555555555557
534,23.8
535,26.11111111111111
536,26.2
537,28.5
538,27.22222222222222
539,26.3
540,26.900000000000002
541,29.444444444444443
542,28.000000000000004
543,29.444444444444443
544,30.200000000000003
545,26.5
546,28.099999999999998
547,27.600000000000005
548,26.599999999999998
549,27.1
550,27.600000000000005
551,28.699999999999996
552,27.77777777777778
553,27.399999999999995
554,28.88888888888889
555,28.000000000000004
556,29.0
557,26.0
558,28.333333333333332
559,24.200000000000003
560,27.1
561,27.77777777777778
562,28.699999999999996
563,24.299999999999997
564,30.400000000000002
565,24.200000000000003
566,26.5
567,24.0
568,25.700000000000003
569,24.099999999999998
570,26.599999999999998
571,27.5
572,26.2
573,27.77777777777778
574,27.22222222222222
575,27.9
576,28.333333333333332
577,27.9
578,27.600000000000005
579,28.400000000000002
580,29.599999999999998
581,29.0
582,29.444444444444443
583,26.799999999999997
584,27.22222222222222
585,26.599999999999998
586,26.599999999999998
587,27.77777777777778
588,27.77777777777778
589,29.444444444444443
590,29.299999999999997
591,28.800000000000004
592,31.399999999999995
593,30.100000000000005
594,29.444444444444443
595,30.900000000000002
596,30.900000000000002
597,32.77777777777778
598,32.4
599,29.0
600,29.0
601,29.0
602,29.0
603,26.0
604,26.999999999999996
605,28.000000000000004
606,26.999999999999996
607,26.999999999999996
608,28.000000000000004
609,26.999999999999996
610,26.999999999999996
611,26.999999999999996
612,25.0
613,26.0
614,26.999999999999996
615,26.999999999999996
616,26.999999999999996
617,26.999999999999996
618,26.999999999999996
619,26.999999999999996
620,26.999999999999996
621,28.000000000000004
622,29.0
623,28.000000000000004
624,26.999999999999996
625,25.0
626,25.0
627,24.0
628,26.0
629,26.0
630,26.0
631,24.0
632,25.0
633,25.0
634,26.999999999999996
635,26.999999999999996
636,26.999999999999996
637,25.0
638,26.0
639,25.0
640,28.000000000000004
641,26.0
642,26.999999999999996
643,25.0
644,23.000000000000004
645,24.0
646,23.000000000000004
647,26.999999999999996
648,26.999999999999996
649,26.999999999999996
650,26.0
651,24.0
652,21.999999999999996
653,23.000000000000004
654,24.0
655,24.0
656,24.0
657,20.4
658,18.000000000000004
659,21.0
660,20.0
661,21.0
662,21.0
663,21.0
664,21.999999999999996
665,20.0
666,21.999999999999996
667,23.000000000000004
668,21.0
669,21.999999999999996
670,23.000000000000004
671,21.999999999999996
672,20.0
673,19.0
674,18.000000000000004
675,20.0
676,20.0
677,20.0
678,20.0
679,20.0
680,21.0
681,19.0
682,18.000000000000004
683,18.000000000000004
684,17.0
685,18.000000000000004
686,18.000000000000004
687,18.000000000000004
688,20.0
689,19.0
690,18.000000000000004
691,20.0
692,19.0
693,18.000000000000004
694,16.0
695,17.0
696,17.0
697,20.0
698,19.0
699,17.0
700,18.000000000000004
701,16.0
702,17.0
703,17.0
704,17.0
705,18.000000000000004
706,18.000000000000004
707,15.0
708,15.0
709,16.0
710,16.0
711,18.000000000000004
712,19.0
713,17.0
714,19.0
715,14.000000000000002
716,14.000000000000002
717,12.0
718,16.0
719,16.0
720,18.000000000000004
721,17.0
722,16.0
723,14.000000000000002
724,14.000000000000002
725,16.0
726,15.0
727,15.0
728,17.0
729,16.0
730,17.0
731,18.000000000000004
732,15.0
733,17.0
734,17.0
735,16.0
736,15.0
737,14.000000000000002
738,15.0
739,14.000000000000002
740,15.0
741,15.0
742,13.0
743,13.0
744,13.0
745,13.0
746,15.0
747,15.0
748,14.000000000000002
749,17.0
750,16.0
751,17.0
752,16.0
753,15.0
754,15.0
755,15.0
756,14.000000000000002
757,10.999999999999998
758,10.999999999999998
759,12.0
760,13.0
761,9.000000000000002
762,5.0
763,5.999999999999998
764,8.0
765,7.000000000000001
766,14.000000000000002
767,14.000000000000002
768,9.000000000000002
769,10.999999999999998
770,12.0
771,10.0
772,7.000000000000001
773,10.0
774,10.999999999999998
775,15.0
776,16.0
777,14.000000000000002
778,13.0
779,13.0
780,14.000000000000002
781,13.0
782,14.000000000000002
783,18.000000000000004
784,17.0
785,15.0
786,19.0
787,16.0
788,15.0
789,15.0
790,15.0
791,16.0
792,16.0
793,19.0
794,19.0
795,14.000000000000002
796,16.0
797,16.0
798,16.0
799,17.0
800,17.0
801,18.000000000000004
802,18.000000000000004
803,20.0
804,14.000000000000002
805,17.0
806,16.0
807,21.0
808,15.0
809,16.0
810,14.000000000000002
811,15.0
812,16.0
813,17.0
814,18.000000000000004
815,18.000000000000004
816,20.0
817,20.0
818,19.0
819,21.999999999999996
820,19.0
821,19.0
822,19.0
823,17.0
824,15.0
825,15.0
826,18.000000000000004
827,17.0
828,20.0
829,17.0
830,18.000000000000004
831,20.0
832,17.0
833,18.000000000000004
834,17.0
835,17.0
836,19.0
837,17.0
838,18.000000000000004
839,20.0
840,21.0
841,19.0
842,17.0
843,18.000000000000004
844,21.0
845,18.000000000000004
846,20.0
847,20.0
848,20.0
849,18.000000000000004
850,18.000000000000004
851,18.000000000000004
852,20.0
853,18.000000000000004
854,20.0
855,21.999999999999996
856,19.0
857,20.0
858,21.0
859,21.0
860,21.999999999999996
861,24.0
862,25.0
863,21.0
864,21.0
865,21.999999999999996
866,19.0
867,20.0
868,20.0
869,21.0
870,21.0
871,21.0
872,26.0
873,24.0
874,24.0
875,25.0
876,21.999999999999996
877,23.000000000000004
878,25.0
879,25.0
880,26.0
881,25.0
882,25.0
883,26.0
884,25.0
885,23.000000000000004
886,24.0
887,24.0
888,25.0
889,24.0
890,25.0
891,26.0
892,23.000000000000004
893,26.999999999999996
894,23.000000000000004
895,24.0
896,25.0
897,25.0
898,25.0
899,25.0
900,28.000000000000004
901,26.999999999999996
902,29.0
903,26.0
904,26.0
905,28.000000000000004
906,28.000000000000004
907,28.000000000000004
908,30.0
909,28.000000000000004
910,28.000000000000004
911,26.999999999999996
912,25.0
913,25.0
914,26.0
915,26.0
916,26.0
917,25.0
918,26.0
919,26.0
920,26.999999999999996
921,26.999999999999996
922,26.0
923,26.0
924,28.000000000000004
925,25.0
926,25.0
927,29.0
928,30.0
929,29.0
930,29.0
931,26.999999999999996
932,26.0
933,26.0
934,28.000000000000004
935,28.000000000000004
936,29.0
937,29.0
938,29.0
939,28.000000000000004
940,28.000000000000004
941,28.000000000000004
942,30.0
943,29.0
944,29.0
945,29.0
946,28.000000000000004
947,28.000000000000004
948,26.999999999999996
949,28.000000000000004
950,32.0
951,30.0
952,29.0
953,28.000000000000004
954,30.0
955,25.0
956,30.0
957,29.0
958,29.0
959,30.0
960,31.0
961,32.0
962,32.0
963,32.0
964,32.0
965,31.0
966,30.0
967,29.0
968,30.0
969,30.0
970,29.0
971,26.999999999999996
972,28.000000000000004
973,26.999999999999996
974,25.0
975,28.000000000000004
976,26.999999999999996
977,28.000000000000004
978,29.0
979,28.000000000000004
980,28.000000000000004
981,29.0
982,28.000000000000004
983,28.000000000000004
984,29.0
985,28.000000000000004
986,26.0
987,26.0
988,26.999999999999996
989,26.0
990,26.0
991,24.0
992,24.0
993,26.0
994,25.0
995,26.999999999999996
996,30.0
997,28.000000000000004
998,26.0
999,21.999999999999996
1000,24.0
1001,23.000000000000004
1002,23.000000000000004
1003,24.0
1004,23.000000000000004
1005,24.0
1006,25.0
1007,24.0
1008,24.0
1009,25.0
1010,25.0
1011,26.0
1012,26.0
1013,24.0
1014,21.0
1015,21.0
1016,23.000000000000004
1017,21.999999999999996
1018,21.999999999999996
1019,24.0
1020,24.0
1021,24.0
1022,24.0
1023,23.000000000000004
1024,21.999999999999996
1025,21.999999999999996
1026,21.0
1027,20.0
1028,21.999999999999996
1029,20.0
1030,16.0
1031,15.0
1032,15.0
1033,19.0
1034,20.0
1035,21.0
1036,20.0
1037,20.0
1038,18.000000000000004
1039,16.0
1040,17.0
1041,18.000000000000004
1042,19.0
1043,19.0
1044,17.0
1045,18.000000000000004
1046,19.0
1047,20.0
1048,19.0
1049,18.000000000000004
1050,18.000000000000004
1051,19.0
1052,18.000000000000004
1053,17.0
1054,18.000000000000004
1055,18.000000000000004
1056,17.0
1057,18.000000000000004
1058,18.000000000000004
1059,18.000000000000004
1060,13.0
1061,14.000000000000002
1062,16.0
1063,13.0
1064,10.999999999999998
1065,14.000000000000002
1066,14.000000000000002
1067,16.0
1068,14.000000000000002
1069,14.000000000000002
1070,17.0
1071,16.0
1072,13.0
1073,12.0
1074,12.0
1075,10.999999999999998
1076,14.000000000000002
1077,16.0
1078,20.0
1079,19.0
1080,18.000000000000004
1081,15.0
1082,14.000000000000002
1083,16.0
1084,18.000000000000004
1085,16.0
1086,17.0
1087,14.000000000000002
1088,14.000000000000002
1089,16.0
1090,16.0
1091,16.0
1092,15.0
1093,15.0
1094,14.000000000000002
1095,12.0
1096,15.0
1097,16.0
1098,16.0
1099,18.000000000000004
1100,17.0
1101,19.0
1102,15.0
1103,14.000000000000002
1104,14.000000000000002
1105,16.0
1106,14.000000000000002
1107,10.999999999999998
1108,13.0
1109,13.0
1110,15.0
1111,14.000000000000002
1112,12.0
1113,16.0
1114,14.000000000000002
1115,14.000000000000002
1116,12.0
1117,13.0
1118,12.0
1119,15.0
1120,13.0
1121,13.0
1122,17.0
1123,15.0
1124,17.0
1125,17.0
1126,21.0
1127,18.000000000000004
1128,14.000000000000002
1129,15.0
1130,16.0
1131,14.000000000000002
1132,13.0
1133,10.999999999999998
1134,12.0
1135,14.000000000000002
1136,13.0
1137,15.0
1138,14.000000000000002
1139,15.0
1140,14.000000000000002
1141,14.000000000000002
1142,14.000000000000002
1143,14.000000000000002
1144,14.000000000000002
1145,14.000000000000002
1146,14.000000000000002
1147,12.0
1148,9.000000000000002
1149,12.0
1150,9.000000000000002
1151,10.0
1152,12.0
1153,10.999999999999998
1154,13.0
1155,14.000000000000002
1156,14.000000000000002
1157,14.000000000000002
1158,14.000000000000002
1159,16.0
1160,20.0
1161,20.0
1162,19.0
1163,19.0
1164,19.0
1165,16.0
1166,10.999999999999998
1167,14.000000000000002
1168,13.0
1169,15.0
1170,14.000000000000002
1171,17.0
1172,16.0
1173,16.0
1174,16.0
1175,16.0
1176,16.0
1177,16.0
1178,20.0
1179,17.0
1180,16.0
1181,18.000000000000004
1182,20.0
1183,21.0
1184,16.0
1185,21.0
1186,21.0
1187,16.0
1188,16.0
1189,13.0
1190,13.0
1191,15.0
1192,19.0
1193,20.0
1194,19.0
1195,21.0
1196,21.0
1197,19.0
1198,19.0
1199,19.0
1200,20.0
1201,21.999999999999996
1202,19.0
1203,20.0
1204,19.0
1205,17.0
1206,17.0
1207,17.0
1208,19.0
1209,19.0
1210,18.000000000000004
1211,15.0
1212,13.0
1213,16.0
1214,17.0
1215,17.0
1216,17.0
1217,18.000000000000004
1218,18.000000000000004
1219,18.000000000000004
1220,21.0
1221,25.0
1222,23.000000000000004
1223,21.999999999999996
1224,20.0
1225,20.0
1226,19.0
1227,20.0
1228,19.0
1229,20.0
1230,16.0
1231,19.0
1232,19.0
1233,19.0
1234,17.0
1235,18.000000000000004
1236,28.000000000000004
1237,21.999999999999996
1238,18.000000000000004
1239,18.000000000000004
1240,19.0
1241,19.0
1242,21.999999999999996
1243,21.999999999999996
1244,23.000000000000004
1245,19.0
1246,30.0
1247,21.999999999999996
1248,21.999999999999996
1249,21.0
1250,23.000000000000004
1251,23.000000000000004
1252,21.999999999999996
1253,21.999999999999996
1254,23.000000000000004
1255,21.999999999999996
1256,23.000000000000004
1257,25.0
1258,26.999999999999996
1259,25.0
1260,26.999999999999996
1261,28.000000000000004
1262,26.999999999999996
1263,25.0
1264,25.0
1265,25.0
1266,24.0
1267,24.0
1268,24.0
1269,21.999999999999996
1270,23.000000000000004
1271,24.0
1272,24.0
1273,25.0
1274,25.0
1275,24.0
1276,26.0
1277,24.0
1278,25.0
1279,26.0
1280,26.0
1281,28.000000000000004
1282,29.0
1283,28.000000000000004
1284,29.0
1285,28.000000000000004
1286,28.000000000000004
1287,29.0
1288,29.0
1289,29.0
1290,31.0
1291,30.0
1292,29.0
1293,30.0
1294,29.0
1295,28.000000000000004
1296,28.000000000000004
1297,29.0
1298,30.0
1299,30.0
1300,30.0
1301,31.0
1302,30.0
1303,33.0
1304,29.0
1305,29.0
1306,29.0
1307,29.0
1308,30.0
1309,29.0
1310,30.0
1311,29.0
1312,30.0
1313,29.0
1314,26.999999999999996
1315,29.0
1316,28.000000000000004
1317,28.000000000000004
1318,29.0
1319,30.0
1320,30.0
1321,28.000000000000004
1322,29.0
1323,28.000000000000004
1324,29.0
1325,29.0
1326,29.0
1327,28.000000000000004
1328,29.0
1329,29.0
1330,28.000000000000004
1331,26.0
1332,23.000000000000004
1333,26.0
1334,26.999999999999996
1335,26.999999999999996
1336,29.0
1337,28.000000000000004
1338,26.999999999999996
1339,26.999999999999996
1340,28.000000000000004
1341,26.999999999999996
1342,26.999999999999996
1343,26.999999999999996
1344,26.999999999999996
1345,26.0
1346,25.0
1347,26.0
1348,21.0
1349,24.0
1350,25.0
1351,26.0
1352,24.0
1353,26.0
1354,23.000000000000004
1355,26.0
1356,24.0
1357,26.0
1358,26.0
1359,25.0
1360,24.0
1361,26.0
1362,26.0
1363,26.0
1364,26.0
1365,26.0
1366,29.0
1367,26.999999999999996
1368,26.999999999999996
1369,26.0
1370,26.0
1371,25.0
1372,25.0
1373,23.000000000000004
1374,23.000000000000004
1375,23.000000000000004
1376,21.999999999999996
1377,21.999999999999996
1378,17.0
1379,19.0
1380,21.999999999999996
1381,23.000000000000004
1382,24.0
1383,25.0
1384,21.999999999999996
1385,25.0
1386,25.0
1387,24.0
1388,24.0
1389,24.0
1390,25.0
1391,24.0
1392,24.0
1393,24.0
1394,29.0
1395,24.0
1396,20.0
1397,17.0
1398,19.0
1399,20.0
1400,23.000000000000004
1401,21.0
1402,20.0
1403,25.0
1404,23.000000000000004
1405,21.0
1406,21.999999999999996
1407,18.000000000000004
1408,21.999999999999996
1409,19.0
1410,21.0
1411,20.0
1412,18.000000000000004
1413,17.0
1414,14.000000000000002
1415,15.0
1416,17.0
1417,18.000000000000004
1418,13.0
1419,13.0
1420,13.0
1421,14.000000000000002
1422,15.0
1423,13.0
1424,13.0
1425,10.999999999999998
1426,12.0
1427,10.999999999999998
1428,9.000000000000002
1429,15.0
1430,10.0
1431,17.0
1432,16.0
1433,15.0
1434,12.0
1435,15.0
1436,14.000000000000002
1437,14.000000000000002
1438,14.000000000000002
1439,15.0
1440,15.0
1441,10.999999999999998
1442,15.0
1443,16.0
1444,14.000000000000002
1445,15.0
1446,15.0
1447,13.0
1448,15.0
1449,13.0
1450,14.000000000000002
1451,13.0
1452,14.000000000000002
1453,15.0
1454,13.0
1455,14.000000000000002
1456,17.0
1457,13.0
1458,12.0
1459,13.0
1460,14.000000000000002
1461,17.0
1462,17.0
1463,14.000000000000002
1464,15.0
1465,15.0
1466,16.0
1467,14.000000000000002
1468,12.0
1469,13.0
1470,14.000000000000002
1471,15.0
1472,14.000000000000002
1473,13.0
1474,13.0
1475,14.000000000000002
1476,15.0
1477,15.0
1478,13.0
1479,13.0
1480,14.000000000000002
1481,8.0
1482,13.0
1483,16.0
1484,14.000000000000002
1485,18.000000000000004
1486,17.0
1487,12.0
1488,14.000000000000002
1489,14.000000000000002
1490,12.0
1491,10.0
1492,14.000000000000002
1493,13.0
1494,13.0
1495,17.0
1496,15.0
1497,17.0
1498,16.0
1499,13.0
1500,14.000000000000002
1501,13.0
1502,14.000000000000002
1503,21.0
1504,19.0
1505,19.0
1506,15.0
1507,13.0
1508,15.0
1509,15.0
1510,14.000000000000002
1511,15.0
1512,16.0
1513,14.000000000000002
1514,15.0
1515,15.0
1516,15.0
1517,13.0
1518,17.0
1519,14.000000000000002
1520,14.000000000000002
1521,16.0
1522,17.0
1523,15.0
1524,17.0
1525,16.0
1526,16.0
1527,17.0
1528,19.0
1529,17.0
1530,16.0
1531,16.0
1532,16.0
1533,20.0
1534,20.0
1535,21.0
1536,17.0
1537,18.000000000000004
1538,16.0
1539,17.0
1540,17.0
1541,17.0
1542,16.0
1543,18.000000000000004
1544,13.0
1545,14.000000000000002
1546,15.0
1547,16.0
1548,15.0
1549,16.0
1550,16.0
1551,17.0
1552,16.0
1553,21.999999999999996
1554,18.000000000000004
1555,20.0
1556,16.0
1557,19.0
1558,19.0
1559,19.0
1560,19.0
1561,18.000000000000004
1562,20.0
1563,20.0
1564,20.0
1565,18.000000000000004
1566,18.000000000000004
1567,20.0
1568,17.0
1569,17.0
1570,17.0
1571,19.0
1572,20.0
1573,21.0
1574,23.000000000000004
1575,21.999999999999996
1576,23.000000000000004
1577,21.0
1578,18.000000000000004
1579,20.0
1580,20.0
1581,19.0
1582,24.0
1583,19.0
1584,20.0
1585,19.0
1586,20.0
1587,23.000000000000004
1588,21.999999999999996
1589,21.999999999999996
1590,24.0
1591,19.0
1592,16.0
1593,19.0
1594,20.0
1595,20.0
1596,21.0
1597,19.0
1598,20.0
1599,20.0
1600,21.999999999999996
1601,21.999999999999996
1602,23.000000000000004
1603,19.0
1604,20.0
1605,18.000000000000004
1606,20.0
1607,21.0
1608,21.0
1609,19.0
1610,21.999999999999996
1611,21.999999999999996
1612,21.999999999999996
1613,21.999999999999996
1614,21.999999999999996
1615,21.0
1616,23.000000000000004
1617,25.0
1618,26.0
1619,28.000000000000004
1620,26.0
1621,26.999999999999996
1622,29.0
1623,32.0
1624,31.0
1625,24.0
1626,25.0
1627,25.0
1628,24.0
1629,25.0
1630,26.0
1631,26.999999999999996
1632,26.999999999999996
1633,26.0
1634,26.0
1635,26.0
1636,26.999999999999996
1637,26.0
1638,26.0
1639,26.0
1640,25.0
1641,26.0
1642,26.0
1643,29.0
1644,26.999999999999996
1645,28.000000000000004
1646,26.999999999999996
1647,24.0
1648,25.0
1649,24.0
1650,26.999999999999996
1651,25.0
1652,25.0
1653,26.0
1654,26.0
1655,26.0
1656,26.999999999999996
1657,28.000000000000004
1658,29.0
1659,29.0
1660,31.0
1661,26.999999999999996
1662,28.000000000000004
1663,28.000000000000004
1664,28.000000000000004
1665,28.000000000000004
1666,26.999999999999996
1667,28.000000000000004
1668,28.000000000000004
1669,25.0
1670,26.999999999999996
1671,28.000000000000004
1672,28.000000000000004
1673,26.999999999999996
1674,26.999999999999996
1675,28.000000000000004
1676,28.000000000000004
1677,28.000000000000004
1678,29.0
1679,29.0
1680,29.0
1681,29.0
1682,28.000000000000004
1683,26.0
1684,32.0
1685,26.0
1686,25.0
1687,25.0
1688,26.0
1689,26.999999999999996
1690,26.0
1691,25.0
1692,24.0
1693,23.000000000000004
1694,25.0
1695,26.0
1696,28.000000000000004
1697,28.000000000000004
1698,28.000000000000004
1699,26.999999999999996
1700,28.000000000000004
1701,26.999999999999996
1702,28.000000000000004
1703,26.0
1704,26.0
1705,25.0
1706,26.0
1707,26.999999999999996
1708,28.000000000000004
1709,28.000000000000004
1710,28.000000000000004
1711,28.000000000000004
1712,26.999999999999996
1713,26.999999999999996
1714,26.0
1715,26.0
1716,26.999999999999996
1717,26.0
1718,26.999999999999996
1719,26.999999999999996
1720,28.000000000000004
1721,28.000000000000004
1722,26.999999999999996
1723,26.999999999999996
1724,21.999999999999996
1725,21.999999999999996
1726,23.000000000000004
1727,23.000000000000004
1728,21.999999999999996
1729,24.0
1730,23.000000000000004
1731,25.0
1732,24.0
1733,24.0
1734,25.0
1735,24.0
1736,24.0
1737,21.999999999999996
1738,23.000000000000004
1739,24.0
1740,25.0
1741,25.0
1742,25.0
1743,24.0
1744,25.0
1745,23.000000000000004
1746,21.999999999999996
1747,23.000000000000004
1748,25.0
1749,26.0
1750,24.0
1751,24.0
1752,24.0
1753,26.999999999999996
1754,23.000000000000004
1755,23.000000000000004
1756,24.0
1757,24.0
1758,23.000000000000004
1759,21.0
1760,21.999999999999996
1761,23.000000000000004
1762,21.999999999999996
1763,21.999999999999996
1764,21.999999999999996
1765,21.999999999999996
1766,21.999999999999996
1767,21.999999999999996
1768,17.0
1769,17.0
1770,21.999999999999996
1771,16.0
1772,15.0
1773,16.0
1774,15.0
1775,20.0
1776,20.0
1777,19.0
1778,18.000000000000004
1779,18.000000000000004
1780,17.0
1781,17.0
1782,19.0
1783,20.0
1784,20.0
1785,21.0
1786,21.999999999999996
1787,21.999999999999996
1788,20.0
1789,18.000000000000004
1790,18.000000000000004
1791,20.0
1792,19.0
1793,20.0
1794,18.000000000000004
1795,16.0
1796,12.0
1797,10.999999999999998
1798,13.0
1799,14.000000000000002
1800,14.000000000000002
1801,14.000000000000002
1802,13.0
1803,12.0
1804,16.0
1805,16.0
1806,15.0
1807,16.0
1808,14.000000000000002
1809,14.000000000000002
1810,13.0
1811,18.000000000000004
1812,16.0
1813,14.000000000000002
1814,15.0
1815,15.0
1816,14.000000000000002
1817,12.0
1818,13.0
1819,10.999999999999998
1820,14.000000000000002
1821,14.000000000000002
1822,13.0
1823,12.0
1824,13.0
1825,12.0
1826,15.0
1827,17.0
1828,16.0
1829,15.0
1830,14.000000000000002
1831,14.000000000000002
1832,12.0
1833,14.000000000000002
1834,17.0
1835,15.0
1836,15.0
1837,16.0
1838,16.0
1839,15.0
1840,14.000000000000002
1841,12.0
1842,13.0
1843,8.0
1844,10.0
1845,10.0
1846,13.0
1847,14.000000000000002
1848,14.000000000000002
1849,15.0
1850,12.0
1851,13.0
1852,13.0
1853,16.0
1854,18.000000000000004
1855,14.000000000000002
1856,12.0
1857,10.999999999999998
1858,9.000000000000002
1859,8.0
1860,10.999999999999998
1861,9.000000000000002
1862,10.0
1863,12.0
1864,12.0
1865,14.000000000000002
1866,15.0
1867,13.0
1868,15.0
1869,15.0
1870,14.000000000000002
1871,14.000000000000002
1872,15.0
1873,15.0
1874,14.000000000000002
1875,13.0
1876,13.0
1877,16.0
1878,18.000000000000004
1879,15.0
1880,19.0
1881,16.0
1882,17.0
1883,12.0
1884,16.0
1885,21.999999999999996
1886,16.0
1887,14.000000000000002
1888,19.0
1889,15.0
1890,16.0
1891,15.0
1892,15.0
1893,16.0
1894,16.0
1895,18.000000000000004
1896,15.0
1897,10.999999999999998
1898,13.0
1899,13.0
1900,15.0
1901,16.0
1902,18.000000000000004
1903,16.0
1904,15.0
1905,15.0
1906,15.0
1907,14.000000000000002
1908,12.0
1909,15.0
1910,17.0
1911,18.000000000000004
1912,17.0
1913,21.999999999999996
1914,20.0
1915,17.0
1916,16.0
1917,16.0
1918,17.0
1919,16.0
1920,16.0
1921,16.0
1922,16.0
1923,15.0
1924,17.0
1925,17.0
1926,19.0
1927,18.000000000000004
1928,20.0
1929,20.0
1930,19.0
1931,21.0
1932,20.0
1933,19.0
1934,17.0
1935,21.999999999999996
1936,20.0
1937,19.0
1938,20.0
1939,19.0
1940,19.0
1941,23.000000000000004
1942,18.000000000000004
1943,18.000000000000004
1944,19.0
1945,19.0
1946,23.000000000000004
1947,26.0
1948,21.0
1949,28.000000000000004
1950,21.999999999999996
1951,21.0
1952,23.000000000000004
1953,23.000000000000004
1954,23.000000000000004
1955,26.0
1956,23.000000000000004
1957,25.0
1958,25.0
1959,26.999999999999996
1960,24.0
1961,21.999999999999996
1962,21.999999999999996
1963,21.0
1964,18.000000000000004
1965,20.0
1966,20.0
1967,21.0
1968,21.999999999999996
1969,25.0
1970,21.999999999999996
1971,21.0
1972,21.999999999999996
1973,21.999999999999996
1974,21.999999999999996
1975,21.999999999999996
1976,24.0
1977,24.0
1978,24.0
1979,26.999999999999996
1980,26.999999999999996
1981,28.000000000000004
1982,28.000000000000004
1983,29.0
1984,26.0
1985,26.0
1986,29.0
1987,25.0
1988,24.0
1989,25.0
1990,25.0
1991,25.0
1992,24.0
1993,25.0
1994,26.0
1995,26.0
1996,26.0
1997,26.999999999999996
1998,26.999999999999996
1999,24.0
2000,26.0
2001,26.0
2002,26.999999999999996
2003,26.999999999999996
2004,32.0
2005,30.0
2006,29.0
2007,30.0
2008,29.0
2009,32.0
2010,32.0
2011,32.0
2012,30.0
2013,29.0
2014,29.0
2015,29.0
2016,28.000000000000004
2017,29.0
2018,29.0
2019,29.0
2020,30.0
2021,30.0
2022,29.0
2023,29.0
2024,29.0
2025,30.0
2026,30.0
2027,32.0
2028,30.0
2029,31.0
2030,26.999999999999996
2031,29.0
2032,28.000000000000004
2033,28.000000000000004
2034,30.0
2035,26.999999999999996
2036,26.999999999999996
2037,26.0
2038,28.000000000000004
2039,29.0
2040,30.0
2041,29.0
2042,29.0
2043,30.0
2044,29.0
2045,26.999999999999996
2046,26.999999999999996
2047,29.0
2048,30.0
2049,30.0
2050,26.999999999999996
2051,26.0
2052,26.999999999999996
2053,26.0
2054,24.0
2055,26.0
2056,26.999999999999996
2057,29.0
2058,28.000000000000004
2059,29.0
2060,32.0
2061,26.0
2062,28.000000000000004
2063,28.000000000000004
2064,28.000000000000004
2065,29.0
2066,29.0
2067,29.0
2068,28.000000000000004
2069,25.0
2070,25.0
2071,23.000000000000004
2072,24.0
2073,24.0
2074,24.0
2075,24.0
2076,25.0
2077,21.999999999999996
2078,24.0
2079,26.999999999999996
2080,26.0
2081,26.999999999999996
2082,25.0
2083,28.000000000000004
2084,28.000000000000004
2085,23.000000000000004
2086,24.0
2087,23.000000000000004
2088,24.0
2089,25.0
2090,21.999999999999996
2091,21.999999999999996
2092,23.000000000000004
2093,24.0
2094,21.999999999999996
2095,24.0
2096,20.0
2097,20.0
2098,21.0
2099,23.000000000000004
2100,23.000000000000004
2101,21.999999999999996
2102,26.0
2103,29.0
2104,23.000000000000004
2105,21.0
2106,21.0
2107,21.999999999999996
2108,23.000000000000004
2109,21.999999999999996
2110,21.0
2111,19.0
2112,18.000000000000004
2113,19.0
2114,19.0
2115,21.999999999999996
2116,21.0
2117,19.0
2118,18.000000000000004
2119,19.0
2120,20.0
2121,20.0
2122,20.0
2123,20.0
2124,21.0
2125,21.0
2126,21.0
2127,21.0
2128,20.0
2129,20.0
2130,20.0
2131,20.0
2132,20.0
2133,19.0
2134,20.0
2135,18.000000000000004
2136,19.0
2137,21.0
2138,21.0
2139,20.0
2140,18.000000000000004
2141,18.000000000000004
2142,19.0
2143,19.0
2144,21.999999999999996
2145,21.0
2146,19.0
2147,20.0
2148,20.0
2149,20.0
2150,13.0
2151,14.000000000000002
2152,15.0
2153,15.0
2154,16.0
2155,15.0
2156,16.0
2157,15.0
2158,16.0
2159,17.0
2160,15.0
2161,16.0
2162,16.0
2163,15.0
2164,16.0
2165,16.0
2166,18.000000000000004
2167,18.000000000000004
2168,16.0
2169,16.0
2170,15.0
2171,15.0
2172,14.000000000000002
2173,18.000000000000004
2174,18.000000000000004
2175,17.0
2176,16.0
2177,15.0
2178,14.000000000000002
2179,17.0
2180,15.0
2181,16.0
2182,17.0
2183,15.0
2184,15.0
2185,16.0
2186,17.0
2187,17.0
2188,17.0
2189,16.0
2190,16.0
2191,17.0
2192,15.0
2193,16.0
2194,16.0
2195,14.000000000000002
2196,20.0
2197,20.0
2198,19.0
2199,17.0
2200,19.0
2201,16.0
2202,14.000000000000002
2203,16.0
2204,10.999999999999998
2205,13.0
2206,10.999999999999998
2207,13.0
2208,12.0
2209,16.0
2210,15.0
2211,15.0
2212,16.0
2213,14.000000000000002
2214,16.0
2215,16.0
2216,16.0
2217,16.0
2218,15.0
2219,18.000000000000004
2220,16.0
2221,19.0
2222,17.0
2223,18.000000000000004
2224,14.000000000000002
2225,15.0
2226,16.0
2227,13.0
2228,17.0
2229,20.0
2230,17.0
2231,14.000000000000002
2232,18.000000000000004
2233,21.999999999999996
2234,18.000000000000004
2235,13.0
2236,13.0
2237,12.0
2238,12.0
2239,13.0
2240,14.000000000000002
2241,16.0
2242,18.000000000000004
2243,17.0
2244,17.0
2245,17.0
2246,14.000000000000002
2247,14.000000000000002
2248,15.0
2249,19.0
2250,19.0
2251,20.0
2252,18.000000000000004
2253,15.0
2254,16.0
2255,14.000000000000002
2256,13.0
2257,13.0
2258,12.0
2259,15.0
2260,14.000000000000002
2261,14.000000000000002
2262,14.000000000000002
2263,15.0
2264,14.000000000000002
2265,14.000000000000002
2266,13.0
2267,14.000000000000002
2268,15.0
2269,16.0
2270,15.0
2271,15.0
2272,17.0
2273,16.0
2274,16.0
2275,16.0
2276,16.0
2277,19.0
2278,20.0
2279,16.0
2280,21.0
2281,13.0
2282,16.0
2283,16.0
2284,17.0
2285,15.0
2286,18.000000000000004
2287,16.0
2288,14.000000000000002
2289,17.0
2290,17.0
2291,18.000000000000004
2292,17.0
2293,21.0
2294,19.0
2295,19.0
2296,21.999999999999996
2297,21.999999999999996
2298,17.0
2299,19.0
2300,20.0
2301,19.0
2302,17.0
2303,18.000000000000004
2304,18.000000000000004
2305,16.0
2306,18.000000000000004
2307,16.0
2308,15.0
2309,17.0
2310,17.0
2311,21.0
2312,21.999999999999996
2313,18.000000000000004
2314,20.0
2315,19.0
2316,18.000000000000004
2317,20.0
2318,18.000000000000004
2319,17.0
2320,19.0
2321,19.0
2322,21.999999999999996
2323,20.0
2324,19.0
2325,21.0
2326,20.0
2327,19.0
2328,20.0
2329,21.0
2330,20.0
2331,21.0
2332,21.0
2333,20.0
2334,20.0
2335,21.0
2336,23.000000000000004
2337,21.999999999999996
2338,21.999999999999996
2339,26.0
2340,21.999999999999996
2341,21.0
2342,21.0
2343,21.999999999999996
2344,21.999999999999996
2345,23.000000000000004
2346,24.0
2347,23.000000000000004
2348,26.0
2349,25.0
2350,26.999999999999996
2351,26.0
2352,23.000000000000004
2353,25.0
2354,25.0
2355,31.0
2356,23.000000000000004
2357,24.0
2358,23.000000000000004
2359,21.0
2360,23.000000000000004
2361,23.000000000000004
2362,24.0
2363,26.0
2364,26.999999999999996
2365,25.0
2366,26.999999999999996
2367,25.0
2368,25.0
2369,26.0
2370,26.999999999999996
2371,26.0
2372,26.0
2373,26.999999999999996
2374,25.0
2375,26.0
2376,26.999999999999996
2377,28.000000000000004
2378,28.000000000000004
2379,30.0
2380,30.0
2381,28.000000000000004
2382,29.0
2383,26.999999999999996
2384,26.999999999999996
2385,25.0
2386,25.0
2387,26.0
2388,26.0
2389,26.0
2390,26.999999999999996
2391,28.000000000000004
2392,26.999999999999996
2393,28.000000000000004
2394,26.999999999999996
2395,29.0
2396,28.000000000000004
2397,29.0
2398,29.0
2399,28.000000000000004
2400,28.000000000000004
2401,29.0
2402,28.000000000000004
2403,28.000000000000004
2404,29.0
2405,28.000000000000004
2406,31.0
2407,26.0
2408,26.999999999999996
2409,26.999999999999996
2410,29.0
2411,29.0
2412,25.0
2413,25.0
2414,26.999999999999996
2415,26.0
2416,26.999999999999996
2417,28.000000000000004
2418,28.000000000000004
2419,29.0
2420,28.000000000000004
2421,29.0
2422,28.000000000000004
2423,28.000000000000004
2424,28.000000000000004
2425,26.999999999999996
2426,29.0
2427,30.0
2428,26.999999999999996
2429,28.000000000000004
2430,28.000000000000004
2431,28.000000000000004
2432,25.0
2433,26.999999999999996
2434,30.0
2435,29.0
2436,29.0
2437,29.0
2438,30.0
2439,30.0
2440,28.000000000000004
2441,26.999999999999996
2442,29.0
2443,26.999999999999996
2444,28.000000000000004
2445,28.000000000000004
2446,28.000000000000004
2447,26.0
2448,25.0
2449,26.0
2450,23.000000000000004
2451,21.999999999999996
2452,26.0
2453,25.0
2454,25.0
2455,25.0
2456,25.0
2457,24.0
2458,24.0
2459,24.0
2460,25.0
2461,26.0
2462,24.0
2463,25.0
2464,25.0
2465,24.0
2466,23.000000000000004
2467,24.0
2468,23.000000000000004
2469,21.0
2470,24.0
2471,23.000000000000004
2472,20.0
2473,19.0
2474,20.0
2475,19.0
2476,21.0
2477,20.0
2478,23.000000000000004
2479,23.000000000000004
2480,23.000000000000004
2481,21.999999999999996
2482,21.0
2483,18.000000000000004
2484,16.0
2485,18.000000000000004
2486,23.000000000000004
2487,21.999999999999996
2488,21.0
2489,21.0
2490,21.999999999999996
2491,21.0
2492,20.0
2493,19.0
2494,19.0
2495,21.0
2496,20.0
2497,19.0
2498,21.0
2499,21.999999999999996
2500,17.0
2501,14.000000000000002
2502,16.0
2503,19.0
2504,18.000000000000004
2505,18.000000000000004
2506,17.0
2507,18.000000000000004
2508,18.000000000000004
2509,15.0
2510,15.0
2511,17.0
2512,18.000000000000004
2513,17.0
2514,18.000000000000004
2515,19.0
2516,18.000000000000004
2517,19.0
2518,15.0
2519,15.0
2520,16.0
2521,16.0
2522,15.0
2523,15.0
2524,14.000000000000002
2525,15.0
2526,15.0
2527,14.000000000000002
2528,17.0
2529,17.0
2530,17.0
2531,16.0
2532,17.0
2533,17.0
2534,16.0
2535,15.0
2536,17.0
2537,15.0
2538,16.0
2539,13.0
2540,15.0
2541,14.000000000000002
2542,14.000000000000002
2543,10.999999999999998
2544,13.0
2545,15.0
2546,16.0
2547,15.0
2548,15.0
2549,14.000000000000002
2550,16.0
2551,16.0
2552,15.0
2553,14.000000000000002
2554,15.0
2555,14.000000000000002
2556,12.0
2557,14.000000000000002
2558,12.0
2559,13.0
2560,12.0
2561,13.0
2562,12.0
2563,16.0
2564,13.0
2565,13.0
2566,13.0
2567,15.0
2568,15.0
2569,12.0
2570,13.0
2571,12.0
2572,8.0
2573,10.0
2574,10.999999999999998
2575,10.0
2576,12.0
2577,10.999999999999998
2578,10.999999999999998
2579,13.0
2580,9.000000000000002
2581,10.0
2582,14.000000000000002
2583,14.000000000000002
2584,13.0
2585,15.0
2586,15.0
2587,15.0
2588,14.000000000000002
2589,16.0
2590,19.0
2591,15.0
2592,17.0
2593,17.0
2594,17.0
2595,13.0
2596,13.0
2597,14.000000000000002
2598,14.000000000000002
2599,14.000000000000002
2600,16.0
2601,16.0
2602,15.0
2603,14.000000000000002
2604,14.000000000000002
2605,16.0
2606,16.0
2607,16.0
2608,17.0
2609,18.000000000000004
2610,14.000000000000002
2611,14.000000000000002
2612,15.0
2613,15.0
2614,18.000000000000004
2615,15.0
2616,16.0
2617,15.0
2618,15.0
2619,16.0
2620,24.0
2621,18.000000000000004
2622,16.0
2623,16.0
2624,20.0
2625,18.000000000000004
2626,17.0
2627,19.0
2628,21.0
2629,18.000000000000004
2630,17.0
2631,18.000000000000004
2632,17.0
2633,17.0
2634,18.000000000000004
2635,17.0
2636,17.0
2637,16.0
2638,12.0
2639,15.0
2640,16.0
2641,16.0
2642,16.0
2643,18.000000000000004
2644,18.000000000000004
2645,17.0
2646,15.0
2647,16.0
2648,19.0
2649,21.0
2650,18.000000000000004
2651,19.0
2652,18.000000000000004
2653,18.000000000000004
2654,18.000000000000004
2655,19.0
2656,20.0
2657,20.0
2658,18.000000000000004
2659,20.0
2660,18.000000000000004
2661,19.0
2662,19.0
2663,19.0
2664,18.000000000000004
2665,16.0
2666,16.0
2667,18.000000000000004
2668,19.0
2669,18.000000000000004
2670,19.0
2671,16.0
2672,12.0
2673,16.0
2674,17.0
2675,19.0
2676,17.0
2677,18.000000000000004
2678,17.0
2679,18.000000000000004
2680,21.0
2681,26.0
2682,20.0
2683,19.0
2684,19.0
2685,20.0
2686,21.0
2687,24.0
2688,25.0
2689,21.999999999999996
2690,24.0
2691,24.0
2692,24.0
2693,21.999999999999996
2694,20.0
2695,21.0
2696,21.999999999999996
2697,23.000000000000004
2698,24.0
2699,26.0
2700,25.0
2701,21.999999999999996
2702,24.0
2703,24.0
2704,25.0
2705,24.0
2706,25.0
2707,24.0
2708,24.0
2709,28.000000000000004
2710,24.0
2711,23.000000000000004
2712,26.0
2713,20.0
2714,24.0
2715,24.0
2716,26.0
2717,28.000000000000004
2718,28.000000000000004
2719,29.0
2720,30.0
2721,30.0
2722,31.0
2723,28.000000000000004
2724,29.0
2725,28.000000000000004
2726,29.0
2727,29.0
2728,29.0
2729,29.0
2730,29.0
2731,28.000000000000004
2732,30.0
2733,28.000000000000004
2734,31.0
2735,26.999999999999996
2736,28.000000000000004
2737,24.0
2738,25.0
2739,26.999999999999996
2740,26.0
2741,26.0
2742,29.0
2743,28.000000000000004
2744,28.000000000000004
2745,29.0
2746,28.000000000000004
2747,28.000000000000004
2748,29.0
2749,29.0
2750,29.0
2751,29.0
2752,29.0
2753,28.000000000000004
2754,29.0
2755,29.0
2756,29.0
2757,29.0
2758,28.000000000000004
2759,28.000000000000004
2760,29.0
2761,26.999999999999996
2762,26.0
2763,28.000000000000004
2764,29.0
2765,28.000000000000004
2766,30.0
2767,29.0
2768,29.0
2769,32.0
2770,33.0
2771,32.0
2772,32.0
2773,29.0
2774,30.0
2775,29.0
2776,26.0
2777,26.0
2778,25.0
2779,26.0
2780,26.999999999999996
2781,28.000000000000004
2782,28.000000000000004
2783,28.000000000000004
2784,29.0
2785,29.0
2786,26.999999999999996
2787,26.999999999999996
2788,28.000000000000004
2789,29.0
2790,29.0
2791,29.0
2792,29.0
2793,29.0
2794,29.0
2795,29.0
2796,30.0
2797,26.999999999999996
2798,24.0
2799,25.0
2800,26.0
2801,26.0
2802,26.999999999999996
2803,28.000000000000004
2804,26.999999999999996
2805,25.0
2806,25.0
2807,25.0
2808,28.000000000000004
2809,26.0
2810,23.000000000000004
2811,26.0
2812,26.0
2813,18.000000000000004
2814,21.0
2815,23.000000000000004
2816,21.0
2817,21.999999999999996
2818,23.000000000000004
2819,25.0
2820,24.0
2821,24.0
2822,25.0
2823,25.0
2824,24.0
2825,24.0
2826,25.0
2827,24.0
2828,24.0
2829,21.0
2830,24.0
2831,24.0
2832,24.0
2833,25.0
2834,25.0
2835,21.999999999999996
2836,23.000000000000004
2837,24.0
2838,24.0
2839,24.0
2840,24.0
2841,24.0
2842,24.0
2843,24.0
2844,24.0
2845,24.0
2846,23.000000000000004
2847,20.0
2848,21.999999999999996
2849,23.000000000000004
2850,21.0
2851,21.0
2852,21.999999999999996
2853,21.999999999999996
2854,21.999999999999996
2855,23.000000000000004
2856,21.999999999999996
2857,23.000000000000004
2858,20.0
2859,18.000000000000004
2860,20.0
2861,21.0
2862,21.0
2863,21.999999999999996
2864,20.0
2865,17.0
2866,16.0
2867,15.0
2868,15.0
2869,16.0
2870,16.0
2871,19.0
2872,17.0
2873,16.0
2874,15.0
2875,16.0
2876,18.000000000000004
2877,19.0
2878,17.0
2879,18.000000000000004
2880,18.000000000000004
2881,18.000000000000004
2882,18.000000000000004
2883,20.0
2884,17.0
2885,14.000000000000002
2886,14.000000000000002
2887,15.0
2888,13.0
2889,13.0
2890,8.0
2891,10.0
2892,13.0
2893,13.0
2894,13.0
2895,14.000000000000002
2896,15.0
2897,10.999999999999998
2898,12.0
2899,17.0
2900,17.0
2901,10.999999999999998
2902,13.0
2903,16.0
2904,16.0
2905,14.000000000000002
2906,14.000000000000002
2907,10.0
2908,12.0
2909,12.0
2910,14.000000000000002
2911,15.0
2912,14.000000000000002
2913,14.000000000000002
2914,15.0
2915,15.0
2916,14.000000000000002
2917,12.0
2918,15.0
2919,21.0
2920,17.0
2921,16.0
2922,18.000000000000004
2923,21.999999999999996
2924,23.000000000000004
2925,19.0
2926,15.0
2927,15.0
2928,13.0
2929,14.000000000000002
2930,14.000000000000002
2931,14.000000000000002
2932,12.0
2933,13.0
2934,12.0
2935,13.0
2936,18.000000000000004
2937,17.0
2938,14.000000000000002
2939,13.0
2940,16.0
2941,23.000000000000004
2942,20.0
2943,17.0
2944,16.0
2945,14.000000000000002
2946,13.0
2947,13.0
2948,15.0
2949,15.0
2950,14.000000000000002
2951,14.000000000000002
2952,10.999999999999998
2953,10.999999999999998
2954,12.0
2955,10.0
2956,10.0
2957,10.999999999999998
2958,10.999999999999998
2959,8.0
2960,9.000000000000002
2961,13.0
2962,14.000000000000002
2963,12.0
2964,10.999999999999998
2965,10.999999999999998
2966,16.0
2967,15.0
2968,15.0
2969,14.000000000000002
2970,12.0
2971,15.0
2972,14.000000000000002
2973,10.0
2974,10.0
2975,12.0
2976,14.000000000000002
2977,10.999999999999998
2978,5.0
2979,7.000000000000001
2980,14.000000000000002
2981,15.0
2982,19.0
2983,15.0
2984,16.0
2985,17.0
2986,17.0
2987,15.0
2988,15.0
2989,17.0
2990,17.0
2991,19.0
2992,15.0
2993,15.0
2994,18.000000000000004
2995,17.0
2996,15.0
2997,14.000000000000002
2998,15.0
2999,13.0
3000,14.000000000000002
3001,17.0
3002,16.0
3003,10.0
3004,13.0
3005,17.0
3006,15.0
3007,19.0
3008,16.0
3009,18.000000000000004
3010,18.000000000000004
3011,16.0
3012,17.0
3013,16.0
3014,21.999999999999996
3015,19.0
3016,16.0
3017,17.0
3018,15.0
3019,16.0
3020,16.0
3021,15.0
3022,16.0
3023,15.0
3024,14.000000000000002
3025,18.000000000000004
3026,17.0
3027,21.0
3028,23.000000000000004
3029,21.0
3030,20.0
3031,21.0
3032,21.0
3033,21.999999999999996
3034,23.000000000000004
3035,24.0
3036,20.0
3037,21.0
3038,20.0
3039,20.0
3040,18.000000000000004
3041,16.0
3042,18.000000000000004
3043,21.999999999999996
3044,17.0
3045,20.0
3046,21.0
3047,21.999999999999996
3048,21.0
3049,21.0
3050,20.0
3051,20.0
3052,20.0
3053,19.0
3054,18.000000000000004
3055,21.999999999999996
3056,21.0
3057,21.999999999999996
3058,20.0
3059,23.000000000000004
3060,23.000000000000004
3061,20.0
3062,21.0
3063,21.999999999999996
3064,24.0
3065,24.0
3066,23.000000000000004
3067,23.000000000000004
3068,21.999999999999996
3069,23.000000000000004
3070,21.999999999999996
3071,23.000000000000004
3072,23.000000000000004
3073,23.000000000000004
3074,20.0
3075,21.999999999999996
3076,23.000000000000004
3077,23.000000000000004
3078,21.999999999999996
3079,23.000000000000004
3080,25.0
3081,28.000000000000004
3082,26.0
3083,28.000000000000004
3084,30.0
3085,24.0
3086,24.0
3087,24.0
3088,24.0
3089,25.0
3090,26.0
3091,26.999999999999996
3092,26.999999999999996
3093,26.999999999999996
3094,25.0
3095,25.0
3096,26.0
3097,26.999999999999996
3098,28.000000000000004
3099,26.999999999999996
3100,26.0
3101,26.999999999999996
3102,26.999999999999996
3103,26.999999999999996
3104,29.0
3105,28.000000000000004
3106,28.000000000000004
3107,26.999999999999996
3108,28.000000000000004
3109,30.0
3110,29.0
3111,29.0
3112,28.000000000000004
3113,29.0
3114,30.0
3115,29.0
3116,29.0
3117,28.000000000000004
3118,29.0
3119,29.0
3120,28.000000000000004
3121,29.0
3122,28.000000000000004
3123,26.0
3124,28.000000000000004
3125,28.000000000000004
3126,30.0
3127,29.0
3128,29.0
3129,29.0
3130,29.0
3131,30.0
3132,30.0
3133,32.0
3134,32.0
3135,34.0
3136,36.0
3137,34.0
3138,31.0
3139,31.0
3140,30.0
3141,31.0
3142,28.000000000000004
3143,26.999999999999996
3144,30.0
3145,29.0
3146,26.999999999999996
3147,28.000000000000004
3148,29.0
3149,28.000000000000004
3150,26.999999999999996
3151,29.0
3152,30.0
3153,31.0
3154,31.0
3155,30.0
3156,30.0
3157,26.0
3158,26.0
3159,28.000000000000004
3160,29.0
3161,28.000000000000004
3162,29.0
3163,26.0
3164,25.0
3165,26.999999999999996
3166,28.000000000000004
3167,26.999999999999996
3168,26.999999999999996
3169,26.0
3170,26.0
3171,26.999999999999996
3172,26.999999999999996
3173,25.0
3174,26.999999999999996
3175,26.999999999999996
3176,26.999999999999996
3177,26.999999999999996
3178,26.0
3179,26.0
3180,26.0
3181,25.0
3182,26.0
3183,28.000000000000004
3184,28.000000000000004
3185,28.000000000000004
3186,28.000000000000004
3187,25.0
3188,25.0
3189,24.0
3190,23.000000000000004
3191,26.0
3192,26.0
3193,26.0
3194,23.000000000000004
3195,23.000000000000004
3196,25.0
3197,24.0
3198,24.0
3199,24.0
3200,23.000000000000004
3201,21.0
3202,21.0
3203,23.000000000000004
3204,24.0
3205,24.0
3206,24.0
3207,25.0
3208,21.999999999999996
3209,21.999999999999996
3210,21.999999999999996
3211,21.999999999999996
3212,23.000000000000004
3213,23.000000000000004
3214,21.999999999999996
3215,23.000000000000004
3216,21.0
3217,24.0
3218,21.999999999999996
3219,21.999999999999996
3220,18.000000000000004
3221,13.0
3222,14.000000000000002
3223,17.0
3224,18.000000000000004
3225,17.0
3226,19.0
3227,18.000000000000004
3228,20.0
3229,19.0
3230,16.0
3231,18.000000000000004
3232,17.0
3233,16.0
3234,18.000000000000004
3235,21.0
3236,20.0
3237,21.0
3238,19.0
3239,20.0
3240,17.0
3241,16.0
3242,15.0
3243,16.0
3244,16.0
3245,18.000000000000004
3246,17.0
3247,12.0
3248,16.0
3249,15.0
3250,15.0
3251,16.0
3252,16.0
3253,16.0
3254,15.0
3255,14.000000000000002
3256,17.0
3257,17.0
3258,19.0
3259,17.0
3260,16.0
3261,13.0
3262,15.0
3263,16.0
3264,14.000000000000002
3265,14.000000000000002
3266,15.0
3267,10.999999999999998
3268,14.000000000000002
3269,14.000000000000002
3270,15.0
3271,14.000000000000002
3272,14.000000000000002
3273,17.0
3274,15.0
3275,16.0
3276,19.0
3277,16.0
3278,18.000000000000004
3279,15.0
3280,15.0
3281,15.0
3282,14.000000000000002
3283,12.0
3284,14.000000000000002
3285,16.0
3286,16.0
3287,12.0
3288,13.0
3289,12.0
3290,13.0
3291,16.0
3292,15.0
3293,13.0
3294,14.000000000000002
3295,12.0
3296,10.0
3297,13.0
3298,14.000000000000002
3299,16.0
3300,14.000000000000002
3301,14.000000000000002
3302,15.0
3303,10.0
3304,12.0
3305,10.0
3306,13.0
3307,10.0
3308,13.0
3309,14.000000000000002
3310,13.0
3311,14.000000000000002
3312,16.0
3313,15.0
3314,10.0
3315,14.000000000000002
3316,15.0
3317,15.0
3318,13.0
3319,13.0
3320,12.0
3321,14.000000000000002
3322,14.000000000000002
3323,13.0
3324,14.000000000000002
3325,15.0
3326,18.000000000000004
3327,15.0
3328,14.000000000000002
3329,13.0
3330,13.0
3331,13.0
3332,15.0
3333,14.000000000000002
3334,15.0
3335,14.000000000000002
3336,15.0
3337,14.000000000000002
3338,18.000000000000004
3339,18.000000000000004
3340,15.0
3341,15.0
3342,18.000000000000004
3343,16.0
3344,18.000000000000004
3345,15.0
3346,16.0
3347,17.0
3348,21.999999999999996
3349,16.0
3350,15.0
3351,19.0
3352,17.0
3353,17.0
3354,17.0
3355,16.0
3356,16.0
3357,13.0
3358,17.0
3359,18.000000000000004
3360,16.0
3361,16.0
3362,14.000000000000002
3363,15.0
3364,15.0
3365,16.0
3366,19.0
3367,20.0
3368,21.0
3369,21.0
3370,19.0
3371,16.0
3372,16.0
3373,16.0
3374,16.0
3375,16.0
3376,17.0
3377,16.0
3378,16.0
3379,15.0
3380,16.0
3381,17.0
3382,17.0
3383,17.0
3384,16.0
3385,18.000000000000004
3386,19.0
3387,18.000000000000004
3388,18.000000000000004
3389,16.0
3390,15.0
3391,20.0
3392,17.0
3393,18.000000000000004
3394,20.0
3395,18.000000000000004
3396,19.0
3397,17.0
3398,18.000000000000004
3399,18.000000000000004
3400,17.0
3401,23.000000000000004
3402,18.000000000000004
3403,16.0
3404,17.0
3405,18.000000000000004
3406,19.0
3407,18.000000000000004
3408,15.0
3409,19.0
3410,21.999999999999996
3411,17.0
3412,17.0
3413,19.0
3414,20.0
3415,20.0
3416,20.0
3417,20.0
3418,19.0
3419,19.0
3420,21.0
3421,18.000000000000004
3422,17.0
3423,18.000000000000004
3424,17.0
3425,19.0
3426,21.0
3427,20.0
3428,21.0
3429,17.0
3430,21.0
3431,23.000000000000004
3432,21.0
3433,20.0
3434,20.0
3435,21.0
3436,23.000000000000004
3437,23.000000000000004
3438,23.000000000000004
3439,23.000000000000004
3440,23.000000000000004
3441,26.0
3442,21.0
3443,24.0
3444,21.999999999999996
3445,26.999999999999996
3446,25.0
3447,19.0
3448,19.0
3449,21.0
3450,24.0
3451,21.999999999999996
3452,23.000000000000004
3453,24.0
3454,24.0
3455,24.0
3456,24.0
3457,26.0
3458,26.0
3459,25.0
3460,26.999999999999996
3461,28.000000000000004
3462,31.0
3463,30.0
3464,31.0
3465,34.0
3466,26.999999999999996
3467,26.999999999999996
3468,28.000000000000004
3469,29.0
3470,29.0
3471,30.0
3472,29.0
3473,30.0
3474,29.0
3475,30.0
3476,28.000000000000004
3477,28.000000000000004
3478,28.000000000000004
3479,29.0
3480,26.999999999999996
3481,28.000000000000004
3482,28.000000000000004
3483,28.000000000000004
3484,29.0
3485,28.000000000000004
3486,29.0
3487,29.0
3488,30.0
3489,30.0
3490,29.0
3491,29.0
3492,31.0
3493,26.999999999999996
3494,28.000000000000004
3495,29.0
3496,28.000000000000004
3497,26.0
3498,30.0
3499,30.0
3500,29.0
3501,29.0
3502,30.0
3503,29.0
3504,28.000000000000004
3505,30.0
3506,30.0
3507,29.0
3508,29.0
3509,26.999999999999996
3510,26.999999999999996
3511,26.999999999999996
3512,29.0
3513,28.000000000000004
3514,28.000000000000004
3515,29.0
3516,28.000000000000004
3517,26.999999999999996
3518,26.999999999999996
3519,28.000000000000004
3520,28.000000000000004
3521,28.000000000000004
3522,28.000000000000004
3523,28.000000000000004
3524,26.999999999999996
3525,28.000000000000004
3526,29.0
3527,30.0
3528,30.0
3529,29.0
3530,28.000000000000004
3531,26.999999999999996
3532,26.999999999999996
3533,26.0
3534,25.0
3535,25.0
3536,25.0
3537,25.0
3538,24.0
3539,25.0
3540,26.999999999999996
3541,26.999999999999996
3542,28.000000000000004
3543,26.999999999999996
3544,26.0
3545,26.999999999999996
3546,28.000000000000004
3547,26.0
3548,25.0
3549,23.000000000000004
3550,25.0
3551,24.0
3552,26.0
3553,24.0
3554,25.0
3555,26.0
3556,25.0
3557,26.0
3558,25.0
3559,25.0
3560,24.0
3561,24.0
3562,24.0
3563,23.000000000000004
3564,23.000000000000004
3565,24.0
3566,24.0
3567,24.0
3568,21.0
3569,23.000000000000004
3570,24.0
3571,24.0
3572,25.0
3573,21.999999999999996
3574,23.000000000000004
3575,24.0
3576,23.000000000000004
3577,24.0
3578,24.0
3579,18.000000000000004
3580,21.0
3581,20.0
3582,20.0
3583,21.0
3584,23.000000000000004
3585,21.0
3586,21.0
3587,21.0
3588,23.000000000000004
3589,21.999999999999996
3590,20.0
3591,23.000000000000004
3592,20.0
3593,23.000000000000004
3594,19.0
3595,19.0
3596,18.000000000000004
3597,15.0
3598,17.0
3599,16.0
3600,16.0
3601,18.000000000000004
3602,14.000000000000002
3603,16.0
3604,13.0
3605,14.000000000000002
3606,14.000000000000002
3607,15.0
3608,13.0
3609,13.0
3610,15.0
3611,16.0
3612,16.0
3613,17.0
3614,16.0
3615,18.000000000000004
3616,19.0
3617,19.0
3618,19.0
3619,17.0
3620,17.0
3621,14.000000000000002
3622,14.000000000000002
3623,14.000000000000002
3624,15.0
3625,16.0
3626,16.0
3627,14.000000000000002
3628,16.0
3629,14.000000000000002
3630,15.0
3631,14.000000000000002
3632,20.0
3633,19.0
3634,17.0
3635,14.000000000000002
3636,17.0
3637,17.0
3638,15.0
3639,16.0
3640,19.0
3641,18.000000000000004
3642,17.0
3643,17.0
3644,17.0
3645,16.0
3646,14.000000000000002
3647,15.0
3648,14.000000000000002
3649,14.000000000000002
3650,14.000000000000002
3651,12.0
3652,14.000000000000002
3653,10.0
3654,14.000000000000002
3655,14.000000000000002
3656,15.0
3657,14.000000000000002
3658,16.0
3659,14.000000000000002
3660,12.0
3661,12.0
3662,14.000000000000002
3663,12.0
3664,14.000000000000002
3665,14.000000000000002
3666,14.000000000000002
3667,18.000000000000004
3668,14.000000000000002
3669,12.0
3670,10.999999999999998
3671,12.0
3672,15.0
3673,14.000000000000002
3674,15.0
3675,14.000000000000002
3676,16.0
3677,15.0
3678,17.0
3679,15.0
3680,18.000000000000004
3681,17.0
3682,21.0
3683,20.0
3684,20.0
3685,20.0
3686,14.000000000000002
3687,14.000000000000002
3688,14.000000000000002
3689,14.000000000000002
3690,15.0
3691,20.0
3692,16.0
3693,13.0
3694,16.0
3695,15.0
3696,15.0
3697,15.0
3698,15.0
3699,14.000000000000002
3700,16.0
3701,15.0
3702,16.0
3703,16.0
3704,17.0
3705,18.000000000000004
3706,15.0
3707,19.0
3708,19.0
3709,16.0
3710,16.0
3711,21.0
3712,18.000000000000004
3713,17.0
3714,16.0
3715,19.0
3716,17.0
3717,18.000000000000004
3718,16.0
3719,20.0
3720,15.0
3721,16.0
3722,15.0
3723,17.0
3724,18.000000000000004
3725,16.0
3726,15.0
3727,17.0
3728,16.0
3729,15.0
3730,16.0
3731,16.0
3732,16.0
3733,16.0
3734,14.000000000000002
3735,12.0
3736,12.0
3737,15.0
3738,17.0
3739,18.000000000000004
3740,14.000000000000002
3741,13.0
3742,13.0
3743,15.0
3744,17.0
3745,16.0
3746,16.0
3747,17.0
3748,17.0
3749,18.000000000000004
3750,17.0
3751,19.0
3752,18.000000000000004
3753,19.0
3754,15.0
3755,18.000000000000004
3756,18.000000000000004
3757,19.0
3758,17.0
3759,19.0
3760,16.0
3761,18.000000000000004
3762,15.0
3763,17.0
3764,20.0
3765,19.0
3766,19.0
3767,19.0
3768,19.0
3769,21.0
3770,21.0
3771,25.0
3772,25.0
3773,23.000000000000004
3774,21.999999999999996
3775,23.000000000000004
3776,21.999999999999996
3777,24.0
3778,23.000000000000004
3779,23.000000000000004
3780,20.0
3781,20.0
3782,21.999999999999996
3783,19.0
3784,21.999999999999996
3785,18.000000000000004
3786,21.0
3787,21.0
3788,21.999999999999996
3789,21.999999999999996
3790,26.0
3791,25.0
3792,26.0
3793,25.0
3794,26.0
3795,21.999999999999996
3796,23.000000000000004
3797,25.0
3798,24.0
3799,21.999999999999996
3800,25.0
3801,23.000000000000004
3802,24.0
3803,24.0
3804,24.0
3805,24.0
3806,21.999999999999996
3807,25.0
3808,23.000000000000004
3809,21.999999999999996
3810,21.0
3811,21.999999999999996
3812,21.0
3813,23.000000000000004
3814,24.0
3815,26.0
3816,24.0
3817,24.0
3818,21.999999999999996
3819,23.000000000000004
3820,21.0
3821,23.000000000000004
3822,25.0
3823,25.0
3824,26.0
3825,26.0
3826,26.999999999999996
3827,28.000000000000004
3828,28.000000000000004
3829,26.999999999999996
3830,28.000000000000004
3831,26.999999999999996
3832,26.999999999999996
3833,29.0
3834,28.000000000000004
3835,25.0
3836,25.0
3837,28.000000000000004
3838,29.0
3839,26.0
3840,28.000000000000004
3841,29.0
3842,29.0
3843,26.999999999999996
3844,26.999999999999996
3845,26.999999999999996
3846,28.000000000000004
3847,28.000000000000004
3848,25.0
3849,26.999999999999996
3850,26.999999999999996
3851,28.000000000000004
3852,28.000000000000004
3853,28.000000000000004
3854,29.0
3855,30.0
3856,29.0
3857,29.0
3858,28.000000000000004
3859,29.0
3860,29.0
3861,30.0
3862,31.0
3863,30.0
3864,31.0
3865,30.0
3866,26.999999999999996
3867,26.999999999999996
3868,28.000000000000004
3869,30.0
3870,29.0
3871,30.0
3872,31.0
3873,29.0
3874,30.0
3875,31.0
3876,30.0
3877,28.000000000000004
3878,29.0
3879,29.0
3880,29.0
3881,28.000000000000004
3882,30.0
3883,30.0
3884,30.0
3885,30.0
3886,29.0
3887,28.000000000000004
3888,31.0
3889,30.0
3890,30.0
3891,29.0
3892,24.0
3893,24.0
3894,25.0
3895,26.0
3896,26.0
3897,26.999999999999996
3898,26.999999999999996
3899,26.999999999999996
3900,29.0
3901,24.0
3902,26.0
3903,23.000000000000004
3904,26.0
3905,28.000000000000004
3906,29.0
3907,29.0
3908,28.000000000000004
3909,26.999999999999996
3910,26.999999999999996
3911,26.999999999999996
3912,26.0
3913,26.0
3914,26.0
3915,24.0
3916,25.0
3917,26.0
3918,26.999999999999996
3919,21.999999999999996
3920,21.999999999999996
3921,21.999999999999996
3922,21.999999999999996
3923,23.000000000000004
3924,23.000000000000004
3925,25.0
3926,21.0
3927,20.0
3928,21.999999999999996
3929,23.000000000000004
3930,24.0
3931,24.0
3932,23.000000000000004
3933,24.0
3934,21.999999999999996
3935,20.0
3936,23.000000000000004
3937,20.0
3938,18.000000000000004
3939,18.000000000000004
3940,18.000000000000004
3941,18.000000000000004
3942,20.0
3943,21.0
3944,21.999999999999996
3945,23.000000000000004
3946,23.000000000000004
3947,24.0
3948,20.0
3949,21.999999999999996
3950,20.0
3951,19.0
3952,20.0
3953,20.0
3954,20.0
3955,20.0
3956,21.0
3957,20.0
3958,20.0
3959,14.000000000000002
3960,18.000000000000004
3961,19.0
3962,20.0
3963,20.0
3964,19.0
3965,20.0
3966,19.0
3967,19.0
3968,20.0
3969,21.0
3970,20.0
3971,18.000000000000004
3972,19.0
3973,18.000000000000004
3974,20.0
3975,16.0
3976,16.0
3977,15.0
3978,17.0
3979,17.0
3980,18.000000000000004
3981,19.0
3982,17.0
3983,15.0
3984,19.0
3985,16.0
3986,14.000000000000002
3987,14.000000000000002
3988,12.0
3989,13.0
3990,10.999999999999998
3991,13.0
3992,13.0
3993,10.999999999999998
3994,14.000000000000002
3995,15.0
3996,14.000000000000002
3997,17.0
3998,15.0
3999,14.000000000000002
4000,17.0
4001,16.0
4002,16.0
4003,16.0
4004,15.0
4005,16.0
4006,15.0
4007,16.0
4008,16.0
4009,14.000000000000002
4010,13.0
4011,13.0
4012,10.999999999999998
4013,13.0
4014,14.000000000000002
4015,13.0
4016,13.0
4017,9.000000000000002
4018,9.000000000000002
4019,9.000000000000002
4020,10.999999999999998
4021,9.000000000000002
4022,9.000000000000002
4023,7.000000000000001
4024,7.000000000000001
4025,8.0
4026,8.0
4027,8.0
4028,9.000000000000002
4029,10.999999999999998
4030,10.0
4031,12.0
4032,12.0
4033,14.000000000000002
4034,12.0
4035,14.000000000000002
4036,13.0
4037,15.0
4038,16.0
4039,16.0
4040,17.0
4041,15.0
4042,13.0
4043,16.0
4044,18.000000000000004
4045,21.0
4046,19.0
4047,18.000000000000004
4048,20.0
4049,17.0
4050,17.0
4051,14.000000000000002
4052,15.0
4053,15.0
4054,13.0
4055,15.0
4056,14.000000000000002
4057,16.0
4058,15.0
4059,17.0
4060,15.0
4061,13.0
4062,12.0
4063,15.0
4064,15.0
4065,14.000000000000002
4066,13.0
4067,14.000000000000002
4068,15.0
4069,15.0
4070,18.000000000000004
4071,16.0
4072,16.0
4073,15.0
4074,15.0
4075,16.0
4076,15.0
4077,15.0
4078,15.0
4079,15.0
4080,14.000000000000002
4081,14.000000000000002
4082,14.000000000000002
4083,13.0
4084,14.000000000000002
4085,15.0
4086,16.0
4087,14.000000000000002
4088,16.0
4089,15.0
4090,16.0
4091,15.0
4092,16.0
4093,15.0
4094,10.999999999999998
4095,14.000000000000002
4096,14.000000000000002
4097,17.0
4098,15.0
4099,16.0
4100,15.0
4101,16.0
4102,16.0
4103,17.0
4104,18.000000000000004
4105,17.0
4106,17.0
4107,18.000000000000004
4108,19.0
4109,21.0
4110,17.0
4111,18.000000000000004
4112,16.0
4113,13.0
4114,14.000000000000002
4115,15.0
4116,14.000000000000002
4117,15.0
4118,14.000000000000002
4119,14.000000000000002
4120,14.000000000000002
4121,15.0
4122,15.0
4123,14.000000000000002
4124,15.0
4125,16.0
4126,17.0
4127,15.0
4128,17.0
4129,18.000000000000004
4130,17.0
4131,20.0
4132,18.000000000000004
4133,17.0
4134,17.0
4135,18.000000000000004
4136,19.0
4137,18.000000000000004
4138,15.0
4139,17.0
4140,18.000000000000004
4141,19.0
4142,20.0
4143,20.0
4144,21.0
4145,21.0
4146,20.0
4147,23.000000000000004
4148,21.0
4149,20.0
4150,21.0
4151,21.0
4152,25.0
4153,19.0
4154,21.999999999999996
4155,18.000000000000004
4156,20.0
4157,20.0
4158,18.000000000000004
4159,17.0
4160,21.0
4161,19.0
4162,19.0
4163,21.0
4164,21.999999999999996
4165,24.0
4166,24.0
4167,23.000000000000004
4168,23.000000000000004
4169,23.000000000000004
4170,23.000000000000004
4171,23.000000000000004
4172,23.000000000000004
4173,25.0
4174,23.000000000000004
4175,24.0
4176,26.0
4177,28.000000000000004
4178,28.000000000000004
4179,30.0
4180,29.0
4181,29.0
4182,30.0
4183,29.0
4184,26.0
4185,26.0
4186,26.0
4187,26.0
4188,26.999999999999996
4189,25.0
4190,24.0
4191,24.0
4192,25.0
4193,25.0
4194,26.0
4195,26.0
4196,25.0
4197,25.0
4198,26.999999999999996
4199,26.999999999999996
4200,26.999999999999996
4201,28.000000000000004
4202,26.999999999999996
4203,28.000000000000004
4204,26.0
4205,26.0
4206,26.999999999999996
4207,26.999999999999996
4208,26.999999999999996
4209,28.000000000000004
4210,26.0
4211,25.0
4212,26.0
4213,26.0
4214,26.999999999999996
4215,28.000000000000004
4216,29.0
4217,29.0
4218,28.000000000000004
4219,29.0
4220,29.0
4221,28.000000000000004
4222,28.000000000000004
4223,28.000000000000004
4224,28.000000000000004
4225,26.999999999999996
4226,26.999999999999996
4227,28.000000000000004
4228,26.999999999999996
4229,25.0
4230,26.0
4231,26.999999999999996
4232,28.000000000000004
4233,26.999999999999996
4234,26.0
4235,28.000000000000004
4236,25.0
4237,26.0
4238,30.0
4239,30.0
4240,29.0
4241,31.0
4242,31.0
4243,29.0
4244,28.000000000000004
4245,26.999999999999996
4246,26.0
4247,26.0
4248,28.000000000000004
4249,28.000000000000004
4250,28.000000000000004
4251,26.999999999999996
4252,26.0
4253,26.0
4254,26.999999999999996
4255,28.000000000000004
4256,26.0
4257,26.0
4258,24.0
4259,26.0
4260,25.0
4261,26.999999999999996
4262,26.0
4263,26.0
4264,28.000000000000004
4265,28.000000000000004
4266,26.999999999999996
4267,28.000000000000004
4268,28.000000000000004
4269,26.999999999999996
4270,26.0
4271,26.999999999999996
4272,28.000000000000004
4273,28.000000000000004
4274,28.000000000000004
4275,26.0
4276,26.999999999999996
4277,26.0
4278,25.0
4279,25.0
4280,21.999999999999996
4281,24.0
4282,25.0
4283,24.0
4284,26.999999999999996
4285,28.000000000000004
4286,26.0
4287,25.0
4288,24.0
4289,24.0
4290,24.0
4291,24.0
4292,25.0
4293,19.0
4294,23.000000000000004
4295,21.0
4296,21.0
4297,21.0
4298,20.0
4299,20.0
4300,21.999999999999996
4301,21.999999999999996
4302,21.0
4303,20.0
4304,21.999999999999996
4305,21.0
4306,21.0
4307,23.000000000000004
4308,23.000000000000004
4309,23.000000000000004
4310,21.0
4311,20.0
4312,19.0
4313,21.999999999999996
4314,20.0
4315,21.0
4316,20.0
4317,20.0
4318,21.0
4319,21.999999999999996
4320,23.000000000000004
4321,24.0
4322,19.0
4323,17.0
4324,17.0
4325,15.0
4326,18.000000000000004
4327,17.0
4328,18.000000000000004
4329,17.0
4330,16.0
4331,18.000000000000004
4332,19.0
4333,19.0
4334,18.000000000000004
4335,15.0
4336,12.0
4337,16.0
4338,16.0
4339,16.0
4340,15.0
4341,17.0
4342,15.0
4343,16.0
4344,15.0
4345,13.0
4346,14.000000000000002
4347,14.000000000000002
4348,10.999999999999998
4349,14.000000000000002
4350,14.000000000000002
4351,15.0
4352,14.000000000000002
4353,13.0
4354,19.0
4355,12.0
4356,15.0
4357,15.0
4358,14.000000000000002
4359,13.0
4360,18.000000000000004
4361,14.000000000000002
4362,16.0
4363,16.0
4364,14.000000000000002
4365,17.0
4366,14.000000000000002
4367,13.0
4368,14.000000000000002
4369,13.0
4370,14.000000000000002
4371,13.0
4372,12.0
4373,15.0
4374,15.0
4375,16.0
4376,17.0
4377,21.0
4378,20.0
4379,19.0
4380,19.0
4381,17.0
4382,15.0
4383,14.000000000000002
4384,14.000000000000002
4385,18.000000000000004
4386,13.0
4387,12.0
4388,10.999999999999998
4389,12.0
4390,16.0
4391,12.0
4392,14.000000000000002
4393,12.0
4394,10.999999999999998
4395,13.0
4396,13.0
4397,13.0
4398,14.000000000000002
4399,12.0
4400,12.0
4401,12.0
4402,10.999999999999998
4403,12.0
4404,12.0
4405,13.0
4406,13.0
4407,13.0
4408,15.0
4409,16.0
4410,16.0
4411,16.0
4412,15.0
4413,14.000000000000002
4414,18.000000000000004
4415,15.0
4416,14.000000000000002
4417,16.0
4418,14.000000000000002
4419,15.0
4420,15.0
4421,14.000000000000002
4422,14.000000000000002
4423,16.0
4424,13.0
4425,15.0
4426,17.0
4427,18.000000000000004
4428,15.0
4429,19.0
4430,16.0
4431,13.0
4432,14.000000000000002
4433,20.0
4434,16.0
4435,16.0
4436,15.0
4437,15.0
4438,13.0
4439,14.000000000000002
4440,14.000000000000002
4441,16.0
4442,15.0
4443,16.0
4444,16.0
4445,15.0
4446,13.0
4447,13.0
4448,12.0
4449,14.000000000000002
4450,15.0
4451,14.000000000000002
4452,15.0
4453,15.0
4454,15.0
4455,15.0
4456,15.0
4457,16.0
4458,16.0
4459,14.000000000000002
4460,15.0
4461,16.0
4462,14.000000000000002
4463,14.000000000000002
4464,14.000000000000002
4465,17.0
4466,14.000000000000002
4467,19.0
4468,18.000000000000004
4469,15.0
4470,15.0
4471,15.0
4472,15.0
4473,16.0
4474,8.0
4475,12.0
4476,14.000000000000002
4477,17.0
4478,20.0
4479,21.0
4480,19.0
4481,16.0
4482,17.0
4483,16.0
4484,14.000000000000002
4485,21.0
4486,23.000000000000004
4487,23.000000000000004
4488,21.999999999999996
4489,17.0
4490,18.000000000000004
4491,16.0
4492,14.000000000000002
4493,17.0
4494,17.0
4495,21.999999999999996
4496,18.000000000000004
4497,20.0
4498,20.0
4499,20.0
4500,23.000000000000004
4501,20.0
4502,20.0
4503,20.0
4504,19.0
4505,19.0
4506,20.0
4507,21.0
4508,21.0
4509,21.999999999999996
4510,21.999999999999996
4511,21.999999999999996
4512,21.0
4513,21.999999999999996
4514,21.0
4515,21.999999999999996
4516,23.000000000000004
4517,23.000000000000004
4518,23.000000000000004
4519,26.0
4520,24.0
4521,25.0
4522,26.999999999999996
4523,26.0
4524,24.0
4525,21.999999999999996
4526,21.999999999999996
4527,23.000000000000004
4528,24.0
4529,26.999999999999996
4530,23.000000000000004
4531,23.000000000000004
4532,23.000000000000004
4533,23.000000000000004
4534,24.0
4535,24.0
4536,26.0
4537,26.0
4538,25.0
4539,26.0
4540,25.0
4541,24.0
4542,25.0
4543,26.999999999999996
4544,26.999999999999996
4545,30.0
4546,26.999999999999996
4547,28.000000000000004
4548,29.0
4549,31.0
4550,30.0
4551,28.000000000000004
4552,28.000000000000004
4553,29.0
4554,31.0
4555,29.0
4556,29.0
4557,26.0
4558,26.0
4559,26.999999999999996
4560,26.0
4561,26.0
4562,26.0
4563,24.0
4564,26.0
4565,28.000000000000004
4566,30.0
4567,29.0
4568,28.000000000000004
4569,28.000000000000004
4570,26.999999999999996
4571,28.000000000000004
4572,28.000000000000004
4573,29.0
4574,29.0
4575,29.0
4576,29.0
4577,31.0
4578,30.0
4579,30.0
4580,28.000000000000004
4581,29.0
4582,29.0
4583,30.0
4584,31.0
4585,29.0
4586,30.0
4587,29.0
4588,29.0
4589,29.0
4590,29.0
4591,29.0
4592,29.0
4593,30.0
4594,32.0
4595,31.0
4596,30.0
4597,30.0
4598,31.0
4599,32.0
4600,30.0
4601,30.0
4602,30.0
4603,31.0
4604,30.0
4605,31.0
4606,32.0
4607,33.0
4608,29.0
4609,29.0
4610,30.0
4611,26.0
4612,28.000000000000004
4613,29.0
4614,29.0
4615,26.999999999999996
4616,29.0
4617,30.0
4618,29.0
4619,29.0
4620,29.0
4621,29.0
4622,29.0
4623,30.0
4624,29.0
4625,29.0
4626,29.0
4627,28.000000000000004
4628,28.000000000000004
4629,29.0
4630,29.0
4631,29.0
4632,26.999999999999996
4633,28.000000000000004
4634,28.000000000000004
4635,28.000000000000004
4636,29.0
4637,31.0
4638,26.999999999999996
4639,28.000000000000004
4640,26.999999999999996
4641,25.0
4642,24.0
4643,25.0
4644,24.0
4645,25.0
4646,24.0
4647,25.0
4648,23.000000000000004
4649,21.999999999999996
4650,24.0
4651,23.000000000000004
4652,26.0
4653,24.0
4654,21.0
4655,23.000000000000004
4656,25.0
4657,24.0
4658,24.0
4659,24.0
4660,24.0
4661,20.0
4662,21.999999999999996
4663,21.999999999999996
4664,21.999999999999996
4665,21.999999999999996
4666,23.000000000000004
4667,24.0
4668,24.0
4669,24.0
4670,24.0
4671,24.0
4672,24.0
4673,24.0
4674,24.0
4675,25.0
4676,25.0
4677,25.0
4678,26.0
4679,24.0
4680,24.0
4681,21.999999999999996
4682,21.0
4683,21.0
4684,21.999999999999996
4685,21.999999999999996
4686,24.0
4687,21.0
4688,23.000000000000004
4689,21.0
4690,19.0
4691,20.0
4692,20.0
4693,21.999999999999996
4694,21.999999999999996
4695,19.0
4696,20.0
4697,20.0
4698,19.0
4699,20.0
4700,20.0
4701,20.0
4702,21.999999999999996
4703,18.000000000000004
4704,16.0
4705,15.0
4706,16.0
4707,15.0
4708,21.999999999999996
4709,18.000000000000004
4710,18.000000000000004
4711,17.0
4712,16.0
4713,14.000000000000002
4714,15.0
4715,14.000000000000002
4716,14.000000000000002
4717,13.0
4718,14.000000000000002
4719,13.0
4720,14.000000000000002
4721,14.000000000000002
4722,14.000000000000002
4723,14.000000000000002
4724,18.000000000000004
4725,15.0
4726,9.000000000000002
4727,10.0
4728,15.0
4729,18.000000000000004
4730,17.0
4731,17.0
4732,14.000000000000002
4733,15.0
4734,16.0
4735,16.0
4736,17.0
4737,18.000000000000004
4738,21.0
4739,18.000000000000004
4740,17.0
4741,18.000000000000004
4742,17.0
4743,15.0
4744,17.0
4745,19.0
4746,19.0
4747,15.0
4748,15.0
4749,17.0
4750,16.0
4751,15.0
4752,15.0
4753,16.0
4754,15.0
4755,17.0
4756,15.0
4757,15.0
4758,14.000000000000002
4759,15.0
4760,16.0
4761,16.0
4762,16.0
4763,16.0
4764,12.0
4765,12.0
4766,14.000000000000002
4767,12.0
4768,10.0
4769,10.0
4770,5.999999999999998
4771,14.000000000000002
4772,10.0
4773,10.0
4774,9.000000000000002
4775,10.0
4776,13.0
4777,12.0
4778,13.0
4779,15.0
4780,14.000000000000002
4781,20.0
4782,15.0
4783,10.999999999999998
4784,10.999999999999998
4785,10.0
4786,10.999999999999998
4787,12.0
4788,12.0
4789,12.0
4790,12.0
4791,13.0
4792,14.000000000000002
4793,14.000000000000002
4794,15.0
4795,15.0
4796,15.0
4797,16.0
4798,15.0
4799,14.000000000000002
4800,13.0
4801,13.0
4802,15.0
4803,12.0
4804,8.0
4805,13.0
4806,10.0
4807,12.0
4808,12.0
4809,13.0
4810,14.000000000000002
4811,14.000000000000002
4812,17.0
4813,21.0
4814,21.0
4815,24.0
4816,26.0
4817,18.000000000000004
4818,20.0
4819,21.999999999999996
4820,16.0
4821,16.0
4822,16.0
4823,16.0
4824,16.0
4825,16.0
4826,16.0
4827,17.0
4828,17.0
4829,23.000000000000004
4830,17.0
4831,25.0
4832,18.000000000000004
4833,16.0
4834,17.0
4835,17.0
4836,25.0
4837,23.000000000000004
4838,20.0
4839,16.0
4840,15.0
4841,16.0
4842,17.0
4843,17.0
4844,16.0
4845,17.0
4846,17.0
4847,17.0
4848,19.0
4849,21.0
4850,19.0
4851,19.0
4852,18.000000000000004
4853,17.0
4854,17.0
4855,20.0
4856,18.000000000000004
4857,19.0
4858,19.0
4859,19.0
4860,19.0
4861,19.0
4862,19.0
4863,21.999999999999996
4864,21.999999999999996
4865,20.0
4866,21.999999999999996
4867,20.0
4868,21.0
4869,20.0
4870,21.0
4871,21.999999999999996
4872,21.0
4873,21.0
4874,21.999999999999996
4875,21.999999999999996
4876,21.0
4877,19.0
4878,18.000000000000004
4879,19.0
4880,18.000000000000004
4881,21.999999999999996
4882,21.0
4883,20.0
4884,20.0
4885,20.0
4886,21.0
4887,19.0
4888,21.999999999999996
4889,23.000000000000004
4890,24.0
4891,18.000000000000004
4892,20.0
4893,24.0
4894,23.000000000000004
4895,21.999999999999996
4896,21.999999999999996
4897,24.0
4898,21.999999999999996
4899,21.999999999999996
4900,21.999999999999996
4901,21.999999999999996
4902,24.0
4903,24.0
4904,23.000000000000004
4905,24.0
4906,25.0
4907,25.0
4908,28.000000000000004
4909,26.999999999999996
4910,26.0
4911,25.0
4912,26.0
4913,26.0
4914,26.999999999999996
4915,28.000000000000004
4916,28.000000000000004
4917,26.999999999999996
4918,28.000000000000004
4919,29.0
4920,26.999999999999996
4921,26.999999999999996
4922,26.999999999999996
4923,26.999999999999996
4924,28.000000000000004
4925,26.999999999999996
4926,28.000000000000004
4927,25.0
4928,26.0
4929,26.999999999999996
4930,26.999999999999996
4931,28.000000000000004
4932,26.0
4933,26.999999999999996
4934,28.000000000000004
4935,29.0
4936,28.000000000000004
4937,29.0
4938,29.0
4939,28.000000000000004
4940,28.000000000000004
4941,29.0
4942,29.0
4943,28.000000000000004
4944,29.0
4945,29.0
4946,30.0
4947,29.0
4948,28.000000000000004
4949,28.000000000000004
4950,29.0
4951,29.0
4952,32.0
4953,26.0
4954,29.0
4955,28.000000000000004
4956,29.0
4957,29.0
4958,28.000000000000004
4959,30.0
4960,30.0
4961,26.999999999999996
4962,26.999999999999996
4963,28.000000000000004
4964,26.0
4965,26.0
4966,28.000000000000004
4967,28.000000000000004
4968,29.0
4969,30.0
4970,28.000000000000004
4971,29.0
4972,29.0
4973,29.0
4974,29.0
4975,30.0
4976,28.000000000000004
4977,30.0
4978,32.0
4979,33.0
4980,31.0
4981,34.0
4982,31.0
4983,30.0
4984,29.0
4985,26.999999999999996
4986,30.0
4987,26.0
4988,25.0
4989,26.999999999999996
4990,26.999999999999996
4991,26.0
4992,28.000000000000004
4993,30.0
4994,28.000000000000004
4995,26.999999999999996
4996,26.0
4997,26.0
4998,25.0
4999,26.0
5000,26.0
5001,28.000000000000004
5002,26.999999999999996
5003,26.0
5004,25.0
5005,26.0
5006,28.000000000000004
5007,28.000000000000004
5008,25.0
5009,24.0
5010,26.0
5011,26.999999999999996
5012,23.000000000000004
5013,25.0
5014,24.0
5015,24.0
5016,25.0
5017,26.0
5018,26.0
5019,28.000000000000004
5020,26.0
5021,25.0
5022,25.0
5023,26.0
5024,26.0
5025,26.0
5026,25.0
5027,25.0
5028,25.0
5029,25.0
5030,24.0
5031,24.0
5032,25.0
5033,26.0
5034,21.0
5035,20.0
5036,24.0
5037,25.0
5038,24.0
5039,23.000000000000004
5040,21.0
5041,20.0
5042,23.000000000000004
5043,21.999999999999996
5044,24.0
5045,23.000000000000004
5046,23.000000000000004
5047,21.999999999999996
5048,21.0
5049,21.0
5050,19.0
5051,20.0
5052,21.0
5053,19.0
5054,19.0
5055,21.0
5056,19.0
5057,16.0
5058,16.0
5059,16.0
5060,20.0
5061,17.0
5062,21.0
5063,21.0
5064,21.999999999999996
5065,18.000000000000004
5066,18.000000000000004
5067,18.000000000000004
5068,18.000000000000004
5069,16.0
5070,17.0
5071,16.0
5072,20.0
5073,17.0
5074,20.0
5075,15.0
5076,14.000000000000002
5077,15.0
5078,18.000000000000004
5079,15.0
5080,20.0
5081,18.000000000000004
5082,14.000000000000002
5083,13.0
5084,14.000000000000002
5085,13.0
5086,13.0
5087,15.0
5088,16.0
5089,16.0
5090,18.000000000000004
5091,19.0
5092,19.0
5093,16.0
5094,18.000000000000004
5095,16.0
5096,15.0
5097,13.0
5098,14.000000000000002
5099,17.0
5100,14.000000000000002
5101,15.0
5102,18.000000000000004
5103,15.0
5104,14.000000000000002
5105,14.000000000000002
5106,15.0
5107,15.0
5108,15.0
5109,13.0
5110,15.0
5111,17.0
5112,14.000000000000002
5113,15.0
5114,17.0
5115,16.0
5116,14.000000000000002
5117,15.0
5118,14.000000000000002
5119,12.0
5120,12.0
5121,10.0
5122,12.0
5123,12.0
5124,12.0
5125,17.0
5126,17.0
5127,16.0
5128,17.0
5129,18.000000000000004
5130,15.0
5131,12.0
5132,13.0
5133,14.000000000000002
5134,16.0
5135,17.0
5136,16.0
5137,20.0
5138,16.0
5139,15.0
5140,15.0
5141,15.0
5142,15.0
5143,15.0
5144,16.0
5145,16.0
5146,16.0
5147,16.0
5148,14.000000000000002
5149,16.0
5150,18.000000000000004
5151,15.0
5152,16.0
5153,16.0
5154,20.0
5155,15.0
5156,17.0
5157,19.0
5158,15.0
5159,18.000000000000004
5160,16.0
5161,19.0
5162,16.0
5163,15.0
5164,17.0
5165,16.0
5166,15.0
5167,14.000000000000002
5168,17.0
5169,18.000000000000004
5170,15.0
5171,15.0
5172,18.000000000000004
5173,15.0
5174,14.000000000000002
5175,16.0
5176,19.0
5177,15.0
5178,15.0
5179,15.0
5180,14.000000000000002
5181,15.0
5182,18.000000000000004
5183,15.0
5184,15.0
5185,16.0
5186,16.0
5187,17.0
5188,15.0
5189,18.000000000000004
5190,18.000000000000004
5191,18.000000000000004
5192,17.0
5193,21.999999999999996
5194,19.0
5195,15.0
5196,14.000000000000002
5197,16.0
5198,16.0
5199,19.0
5200,18.000000000000004
5201,16.0
5202,16.0
5203,18.000000000000004
5204,17.0
5205,19.0
5206,17.0
5207,19.0
5208,19.0
5209,19.0
5210,19.0
5211,19.0
5212,17.0
5213,17.0
5214,21.0
5215,24.0
5216,24.0
5217,20.0
5218,18.000000000000004
5219,16.0
5220,16.0
5221,17.0
5222,17.0
5223,16.0
5224,14.000000000000002
5225,14.000000000000002
5226,17.0
5227,15.0
5228,17.0
5229,19.0
5230,17.0
5231,15.0
5232,17.0
5233,20.0
5234,20.0
5235,19.0
5236,20.0
5237,19.0
5238,21.999999999999996
5239,18.000000000000004
5240,21.0
5241,20.0
5242,21.999999999999996
5243,21.999999999999996
5244,21.999999999999996
5245,21.0
5246,21.999999999999996
5247,17.0
5248,20.0
5249,20.0
5250,19.0
5251,20.0
5252,21.999999999999996
5253,21.999999999999996
5254,20.0
5255,20.0
5256,20.0
5257,20.0
5258,21.999999999999996
5259,23.000000000000004
5260,21.999999999999996
5261,21.999999999999996
5262,23.000000000000004
5263,23.000000000000004
5264,21.0
5265,21.999999999999996
5266,23.000000000000004
5267,23.000000000000004
5268,23.000000000000004
5269,25.0
5270,28.000000000000004
5271,26.0
5272,23.000000000000004
5273,21.0
5274,21.0
5275,21.999999999999996
5276,21.999999999999996
5277,24.0
5278,23.000000000000004
5279,23.000000000000004
5280,24.0
5281,26.0
5282,25.0
5283,24.0
5284,25.0
5285,24.0
5286,21.999999999999996
5287,25.0
5288,25.0
5289,25.0
5290,26.0
5291,28.000000000000004
5292,26.0
5293,24.0
5294,23.000000000000004
5295,25.0
5296,24.0
5297,25.0
5298,26.0
5299,26.999999999999996
5300,26.0
5301,26.0
5302,26.0
5303,26.999999999999996
5304,28.000000000000004
5305,28.000000000000004
5306,25.0
5307,26.999999999999996
5308,26.999999999999996
5309,28.000000000000004
5310,26.999999999999996
5311,28.000000000000004
5312,28.000000000000004
5313,29.0
5314,29.0
5315,28.000000000000004
5316,28.000000000000004
5317,29.0
5318,29.0
5319,29.0
5320,30.0
5321,29.0
5322,30.0
5323,33.0
5324,33.0
5325,30.0
5326,31.0
5327,29.0
5328,30.0
5329,29.0
5330,29.0
5331,30.0
5332,29.0
5333,31.0
5334,31.0
5335,29.0
5336,30.0
5337,30.0
5338,30.0
5339,28.000000000000004
5340,28.000000000000004
5341,30.0
5342,28.000000000000004
5343,26.999999999999996
5344,29.0
5345,30.0
5346,29.0
5347,29.0
5348,29.0
5349,28.000000000000004
5350,28.000000000000004
5351,29.0
5352,28.000000000000004
5353,26.999999999999996
5354,28.000000000000004
5355,29.0
5356,28.000000000000004
5357,28.000000000000004
5358,26.0
5359,23.000000000000004
5360,25.0
5361,26.999999999999996
5362,28.000000000000004
5363,24.0
5364,26.999999999999996
5365,25.0
5366,24.0
5367,23.000000000000004
5368,21.999999999999996
5369,24.0
5370,25.0
5371,26.0
5372,24.0
5373,21.0
5374,24.0
5375,21.999999999999996
5376,21.999999999999996
5377,23.000000000000004
5378,21.999999999999996
5379,26.0
5380,24.0
5381,26.999999999999996
5382,26.0
5383,21.999999999999996
5384,23.000000000000004
5385,24.0
5386,24.0
5387,24.0
5388,24.0
5389,21.999999999999996
5390,23.000000000000004
5391,24.0
5392,24.0
5393,25.0
5394,24.0
5395,21.999999999999996
5396,21.0
5397,23.000000000000004
5398,21.999999999999996
5399,23.000000000000004
5400,23.000000000000004
5401,24.0
5402,25.0
5403,19.0
5404,21.0
5405,24.0
